files,ela_meta.lin_simple.adj_r2,ela_meta.lin_simple.intercept,ela_meta.lin_simple.coef.min,ela_meta.lin_simple.coef.max,ela_meta.lin_simple.coef.max_by_min,ela_meta.lin_w_interact.adj_r2,ela_meta.quad_simple.adj_r2,ela_meta.quad_simple.cond,ela_meta.quad_w_interact.adj_r2,ela_meta.costs_runtime,numsamples,dimensionality,is_uniform,SVM,NN,Ada,GPR,SGD,KNR,DTR,RFR,ExTR,GBR
ZDT1_30_100_normal.csv,0.929002312039492,0.741832871340249,0.182381464796081,2.22704719326447,12.210929415193,1,1.00503148993124,507.775239044805,1,0.076000000000931,100,30,0,0.447258646066598,0,0.629321475212368,0,0.037040728766606,0.172530641954482,0.088249002923684,0.639257236513058,0.590473644793349,0.618283573215451
ZDT1_30_100_uniform.csv,0.957326256813856,0.793500561308195,0.190414010620382,1.86526615009739,9.79584508524463,1,1.00557290429518,891.891681813252,1,0.069999999999709,100,30,1,0.531915786347219,0,0.665972789618296,0,0.402607968287601,0.479670102792476,0.217763093213463,0.611335007658879,0.77043253466743,0.628974145715558
ZDT1_30_1000_normal.csv,0.95796493993302,0.857863808437574,0.229475441879614,2.26126801593339,9.85407413277663,0.837410747178244,0.994571835037503,303.682495925554,1,1.74700000000121,1000,30,0,0.955005929243327,0.983392033387595,0.780704644987758,0.156071596756834,0.658352727359024,0.396825582282175,0.48702233545287,0.777926563233524,0.777456365361858,0.861577461804674
ZDT1_30_1000_uniform.csv,0.973521937561286,0.989731586859171,0.232408069776107,1.87563423920435,8.07043508003515,0.897905158282764,0.994065063108282,1030.32257803,1,1.77800000000025,1000,30,1,0.963889747051368,0.971186073778378,0.775401931178326,0.097033723370008,0.696425397751261,0.519410869974697,0.518330111607076,0.764051749896303,0.777885709731335,0.836078227638916
ZDT1_30_1200_normal.csv,0.957987350117016,0.850765535193306,0.234091175329426,2.26672104962269,9.68306919913935,0.931634449804194,0.994516569573992,2539.64962980272,1,2.24300000000039,1200,30,0,0.957064828653555,0.985573833046684,0.720616782883549,0.234334262339542,0.643685187016057,0.442890884965254,0.453866443856162,0.740210439862312,0.737732467284982,0.84458025088884
ZDT1_30_1200_uniform.csv,0.973227375792475,0.979717899021985,0.231585470320455,1.87802335489742,8.10941788489028,0.956691659652756,0.993832808183658,4352.31280342781,1,2.37900000000081,1200,30,1,0.965496164786857,0.964147027918737,0.749169833748534,0.315843291873583,0.707569543380886,0.552553463636146,0.508929389768618,0.760111612147111,0.757192743700284,0.855020493220599
ZDT1_30_150_normal.csv,0.946913432596243,0.688977645600815,0.209610759709538,2.24809102009747,10.7250745296315,1,0.987238826700454,467.507227181352,1,0.100000000000364,150,30,0,0.528424411597439,0.23552697115066,0.806044697524023,0,0.359961437780813,0.21186237812243,0.758827106947365,0.811730178010867,0.773240390381138,0.854393443978207
ZDT1_30_150_uniform.csv,0.965784746613475,0.798625061636914,0.20459737942709,1.87248306354951,9.15203835353517,1,0.984005345969658,249.557516421482,1,0.092999999998938,150,30,1,0.684256072022415,0,0.713668560283179,0,0.291943555904029,0.39660974467893,0.459182018354904,0.689330035039377,0.734671056456629,0.718798302927893
ZDT1_30_1500_normal.csv,0.9583730211377,0.957957510525566,0.236324538526457,2.26334427126658,9.57727151559927,0.952182360734598,0.994788556013322,5895.26480296811,1,3.80099999999948,1500,30,0,0.957646211955323,0.98122607454537,0.73264020897846,0.416062967843389,0.699681116764207,0.460916031239176,0.527591879193497,0.750005449027216,0.771991622390422,0.854587902782421
ZDT1_30_1500_uniform.csv,0.973830894587143,1.05424140117109,0.231375833157308,1.87292291975483,8.09472145036631,0.96895166059711,0.994390767849853,5726.95073365019,1,3.15600000000086,1500,30,1,0.973051810609952,0.968844172498096,0.740793193295878,0.378468323187292,0.789547769642747,0.565204170608647,0.567393706961292,0.763547413443895,0.765884515759899,0.866316915457128
ZDT1_30_200_normal.csv,0.954811972556225,1.03781270124519,0.178015870842842,2.25016821277862,12.6402674218027,1,0.993906953058652,913.350181261849,1,0.110999999998967,200,30,0,0.660446224200321,0.041246184682302,0.678597933139232,0,0.181469926770064,0.112106008617662,0.52263883775917,0.7029571063566,0.715260295584304,0.676782045935437
ZDT1_30_200_uniform.csv,0.972457519660225,1.18113916188721,0.181092136276345,1.87094287468744,10.3314418458922,1,0.993899323479709,2248.79081290354,1,0.11200000000099,200,30,1,0.840498503510203,0,0.747091510264981,0,0.330585611049613,0.406528015703726,0.363241145138133,0.757590259541644,0.755162578738899,0.817716922356297
ZDT1_30_2000_normal.csv,0.956964431343637,0.891347030920677,0.248372614900267,2.26314970916638,9.11191320377708,0.954718750014281,0.994623587812962,6803.9461334659,1.00002459137829,5.36999999999898,2000,30,0,0.960018429390942,0.985550146150614,0.771027353362161,0.513526806903451,0.723590712103158,0.402192630788401,0.514846381852048,0.780609813922197,0.786168107092411,0.866013196757934
ZDT1_30_2000_uniform.csv,0.972855426304601,1.01134108767556,0.249324227067802,1.87465059304221,7.51892672079719,0.972211205721175,0.99399023075235,1649.62607523223,1.00001077069316,5.50400000000081,2000,30,1,0.974794223224298,0.984821339226459,0.756890771256983,0.502535435099465,0.83994440642248,0.552388689349348,0.516641113210616,0.765399471149177,0.763530291949734,0.863189173798724
ZDT1_30_250_normal.csv,0.960745387134775,0.905761004702986,0.207323213972533,2.22959639641216,10.7542052512631,1,0.995934807083262,1754.05926587079,1,0.158999999999651,250,30,0,0.810312732686149,0.032570934146072,0.727278118312646,0,0.445609990687329,0.367690894997389,0.439679898057087,0.717108233047412,0.720030984643897,0.761793569835656
ZDT1_30_250_uniform.csv,0.976162909526097,1.02784115936617,0.198648830410373,1.87305985433275,9.42900016306839,1,0.994577715867927,2259.85516761277,1,0.162999999998647,250,30,1,0.868714633875033,0.181414466387276,0.793968476132768,0,0.47622208899315,0.3758604874521,0.516364346705044,0.800178224466904,0.780054403227389,0.806112424280197
ZDT1_30_300_normal.csv,0.956181932990997,0.814351076343562,0.200498254167108,2.24321403043652,11.1881973224908,1,0.994125966424415,4201.79225798423,1,0.217999999998938,300,30,0,0.836968959666261,0.897111481994638,0.758947755253473,0,0.443495365468582,0.341526271512093,0.526655592037393,0.777688958902324,0.763051606378784,0.805324781269285
ZDT1_30_300_uniform.csv,0.971042640211826,1.01298798310712,0.204264986720726,1.86104905798666,9.11095478409676,1,0.992864290075492,282.151055575204,1,0.314000000000306,300,30,1,0.94552775987321,0.946890040287205,0.674279253959131,0,0.555544241645733,0.447694840402645,0.26991873175332,0.654718282160788,0.656751577810746,0.725032799346643
ZDT1_30_350_normal.csv,0.953358371652523,0.959021572658277,0.211988647200816,2.25373882868218,10.6314128536667,1,0.994805085655122,1258.76721234589,1,0.4950000000008,350,30,0,0.875558662293082,0.92222095251744,0.698355578473545,0,0.493248696164658,0.317559790425016,0.498179862690155,0.714740254143827,0.72995191918441,0.777032983330837
ZDT1_30_350_uniform.csv,0.970153177242727,1.01205226974012,0.234179763735404,1.8675388066642,7.97480865500531,1,0.993669107813551,271.875823755926,1,0.460000000000946,350,30,1,0.907070269991307,0.922159873059905,0.806733544199191,0,0.323350509825183,0.487437317038687,0.663953487683144,0.770086326978495,0.823628516092723,0.841593582350294
ZDT1_30_400_normal.csv,0.956903910928608,0.793579235389208,0.218498833395095,2.26421194247057,10.3625813799032,1,0.99371163893512,2738.28314447317,1,0.683000000000902,400,30,0,0.890351177706225,0.922761865657932,0.770994499514207,0.108635032727618,0.471874311288232,0.438417500678235,0.6001635594395,0.782371198823863,0.787343761470287,0.842838571686798
ZDT1_30_400_uniform.csv,0.972356377034361,0.925955795786259,0.227343089812698,1.88070805471293,8.27255429783414,1,0.992954417501831,16961.7411443919,1,0.649999999999636,400,30,1,0.927234410788597,0.950478645577841,0.773742783459356,0,0.54070346969912,0.495596473954483,0.452127769155644,0.75367156017049,0.759663573380712,0.825568992374021
ZDT1_30_500_normal.csv,0.955797139944883,0.865998016542133,0.235061988081842,2.26398263525308,9.63142809149059,1.0002468831246,0.994829970358978,13301.5455999964,1,1.18299999999908,500,30,0,0.899846662334851,0.93276017838394,0.768074088272514,0,0.420470300266743,0.402270219386585,0.521674665880995,0.765106450870861,0.766341642783335,0.82021469831482
ZDT1_30_500_uniform.csv,0.972622402368499,1.00888011878792,0.238119257808344,1.86856075900398,7.84716354402524,1.00018374748288,0.994283558322004,354.083368563304,1,1.07600000000093,500,30,1,0.948104218016229,0.954054499987505,0.664973065355122,0,0.604902939802413,0.570130057786044,0.455907280009877,0.667095080596243,0.700731360445076,0.795371012410748
ZDT1_30_600_normal.csv,0.957855480379956,0.967406955877695,0.228829709456194,2.25306123697034,9.84601712043711,1.00305352815559,0.994080250779524,13685.3770034074,1,1.21199999999953,600,30,0,0.935784875147232,0.964536516625034,0.74820333024562,0.018581327391403,0.540801404111869,0.42091358891328,0.567765501024384,0.765718637564001,0.748063806758734,0.848598212640192
ZDT1_30_600_uniform.csv,0.974300799956153,1.0639010899976,0.220565878703449,1.86876777502906,8.47260594437465,1.00188957043083,0.994287066529849,1149.4320483078,1,1.04099999999926,600,30,1,0.95811003839296,0.972116559868223,0.74302055438081,0.070053416910837,0.6455445797465,0.615620711666074,0.387703067322628,0.72322588976506,0.74094063812721,0.812968186733906
ZDT1_30_700_normal.csv,0.957363521634615,0.89204814355387,0.223330264728396,2.26737909331557,10.1525831981306,1.01336552320875,0.995165097269697,9728.56718694886,1,1.1760000000013,700,30,0,0.933625668414651,0.968885449736185,0.759469441947144,0,0.479824224534376,0.379052215271277,0.442369216887281,0.745988636129764,0.743471616160038,0.824698636636104
ZDT1_30_700_uniform.csv,0.973009106165928,1.0338702825887,0.232776604248067,1.87328216168727,8.04755343750497,1.00861543031872,0.99408306969772,307.645249157091,1,1.19100000000071,700,30,1,0.952867872107072,0.969763707948033,0.740547007224441,0,0.616028556363313,0.48470679902777,0.566457819785995,0.748276549634118,0.754599716656049,0.824191807903398
ZDT1_30_800_normal.csv,0.956398520920503,0.882998168729389,0.237220492479581,2.26399422932169,9.5438391753468,1.04073852165221,0.993683029171288,6559.31689657821,1,1.51100000000042,800,30,0,0.936526179745715,0.944451855916203,0.6576084844933,0,0.574451758988076,0.396256645994767,0.278681009991107,0.673349104417779,0.681944315776557,0.795045039513062
ZDT1_30_800_uniform.csv,0.972939455815931,1.04405799102185,0.237918189662146,1.87668142617694,7.88792747978582,1.02791594496865,0.993728456968584,2568.19937066875,1,1.47999999999956,800,30,1,0.962417778175878,0.962858537351738,0.71257347818926,0,0.64657963435622,0.526823299064641,0.541224767606233,0.731425305780807,0.749542962100979,0.828306332000994
ZDT1_30_900_normal.csv,0.958401100769639,0.892161730109651,0.235351727149136,2.2614026890416,9.6086088529472,1.22519882137493,0.994681162218632,1045.03210399438,1,1.83399999999892,900,30,0,0.94879107469147,0.963167009029627,0.752789137265367,0.139160077519672,0.601232385571,0.39763160221905,0.45655014521013,0.730841558486148,0.74321217353794,0.840793589447493
ZDT1_30_900_uniform.csv,0.973807051167288,1.01134424550527,0.243662495895803,1.87395817398707,7.69079446181338,1.14468770815401,0.994173374961313,467.054474142667,1,1.79999999999927,900,30,1,0.96399596062118,0.972475525961264,0.730594932346487,0.153653481484118,0.695436888485189,0.544788361630264,0.491284173495087,0.768622128237344,0.760546322964855,0.845609158611398
ZDT2_30_100_normal.csv,0.995780580394688,0.823442784478001,0.223871870554181,0.455843488041168,2.03618027987507,1,1.00162228417385,198.589078465555,1,0.048999999999069,100,30,0,0.618155083538694,0.180098159790785,0.337697340283193,0,0.938331758562117,0.201909042197612,0,0.317035130264596,0.383680187910634,0.372623307604847
ZDT2_30_100_uniform.csv,0.998734591035558,0.964436079625644,0.185928422397325,0.324049371955421,1.74287162649578,1,1.00004872150235,762.422932250827,1,0.05699999999888,100,30,1,0.689121729692914,0.445093594748299,0.253598232187373,0,0.930985337514062,0.195078880603256,0,0.289127236192309,0.302573753786622,0.263327134929898
ZDT2_30_1000_normal.csv,0.998203377967368,0.856238638194226,0.221325597275895,0.456856773020778,2.06418407379821,0.992933530836314,0.998468734765158,148.682393179669,1,2.1190000000006,1000,30,0,0.986665379809716,0.991451135913657,0.541457251442255,0,0.966711482085157,0.529623388537435,0,0.421440354410434,0.444232550026221,0.679571061576464
ZDT2_30_1000_uniform.csv,0.999196454374025,0.976650006768197,0.183326611587752,0.317778546656918,1.73340108075258,0.99688523422636,0.999896217536664,78485.7744182033,1,2.17900000000009,1000,30,1,0.987009165694358,0.987674147432385,0.527014492750111,0,0.960986355054473,0.579435698848144,0,0.445614095915808,0.474430458464052,0.694781365762983
ZDT2_30_1200_normal.csv,0.997868606727532,0.864809881305673,0.223720799939915,0.457350614848326,2.0442918806439,0.996915523256227,0.998311895696909,1697.62368148379,1,2.82999999999993,1200,30,0,0.985367110292736,0.994570348752686,0.489297162711374,0,0.974651372233922,0.588834390029999,0,0.417010340851993,0.424708191769187,0.650701977888311
ZDT2_30_1200_uniform.csv,0.99906708020243,0.976789805772557,0.183945346104477,0.317361939445286,1.72530562020869,0.998650153487345,0.999893369719493,2316.72491241374,1,3.42900000000009,1200,30,1,0.986428532778436,0.991854394948409,0.491692122193425,0,0.975338883678423,0.561831316969451,0,0.42110232086125,0.423374363285406,0.663065403129504
ZDT2_30_150_normal.csv,0.998139793694596,0.868330297991206,0.232348406701911,0.462725035426118,1.99151370131738,1,0.997174389382696,713.71314277607,1,0.102000000000771,150,30,0,0.816124585690381,0.042022621841467,0.381494632420964,0,0.964770712644617,0.376345226092827,0,0.291543527558377,0.302539108422506,0.350433441944366
ZDT2_30_150_uniform.csv,0.999048245262521,0.972143363067605,0.181034760977777,0.326910860220617,1.805790547931,1,0.999839386768198,1073.24594619308,1,0.096999999999753,150,30,1,0.83087635461212,0.40874304828306,0.439949301956521,0,0.945515509120521,0.383645968278063,0.092097224639949,0.284673382292545,0.36964736404824,0.439046630901186
ZDT2_30_1500_normal.csv,0.998117639022439,0.860851071975151,0.222788004597638,0.455095323181881,2.04272812624629,0.99779899352614,0.998495214274888,305.414153504624,1,4.53899999999885,1500,30,0,0.988728480539724,0.991536522340184,0.553694812140882,0,0.979816424744653,0.624991089116892,0,0.48435086024906,0.45177798669255,0.697085086547168
ZDT2_30_1500_uniform.csv,0.999170482659244,0.983778763192858,0.183149494328546,0.316284076923023,1.72691755487816,0.999096808666132,0.999897800624853,3932.72083122254,1,5.52900000000045,1500,30,1,0.988753647938696,0.990537795272318,0.547545484481052,0,0.977359783221686,0.575918701971429,0,0.455948744152716,0.459178141078161,0.698500052396518
ZDT2_30_200_normal.csv,0.998198443409045,0.86045107217239,0.218646512601408,0.451580833403052,2.06534660914662,1,0.998179815591736,154.941206884482,1,0.143000000000029,200,30,0,0.933577442335197,0.162422666553411,0.505761082442222,0,0.963714018607993,0.410564312902196,0,0.427372211198277,0.509982177156725,0.538717848336672
ZDT2_30_200_uniform.csv,0.99918808554221,0.989915102759147,0.184105304976195,0.324772891494446,1.76406047363187,1,0.999881857977519,1781.18707789741,1,0.149999999999636,200,30,1,0.933089883700357,0.071251221420919,0.417942083361749,0,0.939812673455369,0.474811646776828,0,0.328169951284261,0.412371918757438,0.414135583104575
ZDT2_30_2000_normal.csv,0.998009297327469,0.866971114108406,0.223300335412004,0.455528741090266,2.0399823414944,0.997987030042165,0.998385537729575,563.059878378216,1.00000076181326,7.32899999999972,2000,30,0,0.988299635558698,0.99434767580442,0.559871662540919,0,0.982021983313632,0.627237418497535,0,0.508610164836602,0.508556326356407,0.721483564493254
ZDT2_30_2000_uniform.csv,0.999146806472234,0.978388642626396,0.183533731365378,0.316190184993294,1.72279058808991,0.999195950122076,0.999890564432091,2045.05890283398,1.00000001261137,5.54200000000128,2000,30,1,0.990002818597313,0.99041633412337,0.51262822038451,0,0.981055377661793,0.622930543324407,0,0.489045369168147,0.498930830271325,0.69564740312069
ZDT2_30_250_normal.csv,0.997557898168737,0.863951030596747,0.231761256853778,0.461953113977906,1.99322837755131,1,0.997810358594179,136.712353027404,1,0.352999999999156,250,30,0,0.927834169908569,0.01142725649597,0.361271326360296,0,0.936288668867432,0.443775905783454,0,0.258432191408732,0.308838683747198,0.470607816300246
ZDT2_30_250_uniform.csv,0.999051099268824,0.977381905113715,0.184832294384218,0.320947679610918,1.73642642201775,1,0.999886933076755,2227.4460358858,1,0.168999999999869,250,30,1,0.936671262148611,0.040655049987619,0.290816085680259,0,0.935505159181698,0.411114576442476,0,0.443235649154223,0.350188428474916,0.287866294601902
ZDT2_30_300_normal.csv,0.998121004288424,0.848518730201225,0.219731294019712,0.452837374910444,2.06086883040802,1,0.998502482483275,247.433566574635,1,0.318999999999505,300,30,0,0.950633227273361,0.723035138184146,0.430754959353177,0,0.957534954899051,0.382971741927491,0,0.281848063963864,0.337073389399549,0.407760131002819
ZDT2_30_300_uniform.csv,0.999113447230443,0.976495076880388,0.185071935410081,0.318458408684562,1.72072771584155,1,0.999884758451854,1998.76368155045,1,0.238000000001193,300,30,1,0.95866660452953,0.700475197203839,0.42127780920436,0,0.939540576036422,0.498071561044946,0,0.364383848431315,0.375307827561743,0.430722706955085
ZDT2_30_350_normal.csv,0.998088393600644,0.857862438252042,0.223269789620356,0.453972551988591,2.03329143974435,1,0.998446829448621,750.543933240292,1,0.42699999999968,350,30,0,0.963043140422263,0.76791460111909,0.508640315259729,0,0.959751775602106,0.536500471083418,0,0.458252192720037,0.386551520883668,0.618511242778863
ZDT2_30_350_uniform.csv,0.999134107628749,0.97815367112864,0.184229712803354,0.319418280723158,1.7338043677249,1,0.999878765965315,744.948864664755,1,0.529999999998836,350,30,1,0.96686225449995,0.622700385708764,0.479888161807774,0,0.942593246498087,0.516801208939394,0,0.392229628390859,0.419956135725955,0.585268474169367
ZDT2_30_400_normal.csv,0.997717201403956,0.856167612003819,0.232562080461367,0.455516479968393,1.95868767197438,1,0.998094559345916,307.731267081518,1,0.784999999999854,400,30,0,0.968756041729488,0.781907171655279,0.446011471359772,0,0.966362863867439,0.487878583148443,0,0.350674090416753,0.415933950042105,0.540807512395527
ZDT2_30_400_uniform.csv,0.999060568830591,0.971237946495869,0.184069767984643,0.31813319594568,1.72832942328814,1,0.999886938031216,1150.3028417609,1,0.467000000000553,400,30,1,0.965827061808006,0.73252926165049,0.46484549612446,0,0.951630241443499,0.444357934926764,0,0.422211556644233,0.424961805331276,0.584291715246835
ZDT2_30_500_normal.csv,0.997842026343921,0.86187774290533,0.224653491324727,0.458231116138847,2.0397239919877,1.00000991219651,0.998338196113967,879.869429133949,1,0.664000000000669,500,30,0,0.971687265732877,0.740629662804817,0.450202075435868,0,0.961741319502764,0.478760290091493,0,0.395713026046274,0.348811324837425,0.624548783615443
ZDT2_30_500_uniform.csv,0.999092336249113,0.969417269601355,0.183219710580423,0.31801272246776,1.73569056222349,1.00000436475972,0.999885461453595,822.620102541847,1,0.656000000000859,500,30,1,0.972454818691332,0.659248278575754,0.378691207759741,0,0.948780142751524,0.514509437918771,0,0.33496131582397,0.397788785393818,0.547217369773068
ZDT2_30_600_normal.csv,0.997890672827565,0.869882965122569,0.225865400751625,0.450472907889936,1.99443078218652,1.00017236374141,0.998317571403322,694.296881067963,1,0.90099999999984,600,30,0,0.972274065192556,0.964822276133015,0.486221250793369,0,0.957103958220911,0.516587146373273,0,0.38016989561748,0.406779816894751,0.599429160776513
ZDT2_30_600_uniform.csv,0.99912539415287,0.978233389022497,0.182665325937215,0.318791884119233,1.74522385397219,1.00005887332072,0.999894701555925,2683.85289898837,1,1.10800000000017,600,30,1,0.976275992401104,0.987483069666319,0.452571229340796,0,0.956182239975338,0.536130701065467,0,0.404171510654327,0.395878597581863,0.620993748971535
ZDT2_30_700_normal.csv,0.998017048944847,0.860336627556112,0.219652704833629,0.453780669069367,2.06590066538481,1.00069296066452,0.998348240739136,269.79609383852,1,1.59199999999873,700,30,0,0.975811459330768,0.988669665823447,0.426239122680884,0,0.953439580245488,0.418663611897395,0,0.380102699704334,0.359091411971053,0.611368868142907
ZDT2_30_700_uniform.csv,0.99915814521014,0.979915813125886,0.183445401251361,0.319475577933458,1.74152950008109,1.00025216759116,0.999916800256152,1022363.20604277,1,1.60499999999956,700,30,1,0.979011194196605,0.987741371499047,0.486888572937702,0,0.955562998991487,0.501795747389294,0,0.430737035014101,0.430926778969252,0.63149648348943
ZDT2_30_800_normal.csv,0.998114450623861,0.871201503650825,0.220815509280702,0.44936891566665,2.03504236242487,1.00184039218531,0.998455129649156,1214.36265534784,1,1.48400000000038,800,30,0,0.981504625584015,0.985336978417638,0.486984993981062,0,0.966235254204601,0.583812440192378,0.041423268839751,0.463810539174688,0.447671536479654,0.642512240891027
ZDT2_30_800_uniform.csv,0.999198581155585,0.984201982144311,0.182583653342523,0.31809122213784,1.7421670358469,1.000735270461,0.999896363856255,2984.6072002115,1,1.47400000000016,800,30,1,0.985802142845114,0.974694657221067,0.462016033212422,0,0.959728455673634,0.534055193361828,0,0.467493003752963,0.417116576812565,0.622103941702508
ZDT2_30_900_normal.csv,0.997931977479081,0.854425113217052,0.219885756778599,0.455200368862526,2.070167597626,1.01158835649884,0.998317352045526,317.779177555839,1,2.42799999999988,900,30,0,0.978054602028021,0.99124215238992,0.456643752755009,0,0.967302893672774,0.513022387643185,0,0.411735210323873,0.389047607267251,0.625603997484317
ZDT2_30_900_uniform.csv,0.999060016013758,0.979265479095729,0.182794099629261,0.317241291582369,1.73551166162251,1.00528617580193,0.999904318624949,949.708685392006,1,2.35699999999997,900,30,1,0.983996234353227,0.97323539756391,0.511918893216446,0,0.947899318436486,0.534505570564388,0,0.420689586348082,0.444536262196393,0.630472496733446
ZDT3_30_100_normal.csv,0.504843107571257,0.572030984835463,0.016236928789297,2.00434247645742,123.443448109388,1,1.23580333647068,111.148318540208,1,0.054000000000087,100,30,0,0.249994742737688,0.21120173547182,0.32709613224447,0,0.363347516339219,0,0.066255944243591,0.203029233807752,0.366012750047952,0.370268720710547
ZDT3_30_100_uniform.csv,0.567891252342389,0.808675303775716,0.040967763236949,1.70513235968931,41.6213194219853,1,1.21095751671845,44.7223927316556,1,0.068999999999505,100,30,1,0.225507951509215,0,0.482320399504549,0,0.138492668274502,0.216553841915456,0.134757682313398,0.463441362132406,0.386864118048448,0.550227524394491
ZDT3_30_1000_normal.csv,0.658453903467114,0.980340543834061,0.10704521928048,1.95379232466858,18.2520278607609,-0.521480602578948,0.733178992557967,241.556465151005,1,3.03100000000086,1000,30,0,0.642680183821074,0.691319079857622,0.651838739269961,0,0.431694527727962,0.154385558750434,0.352329301167812,0.70112973790091,0.682504213378593,0.82813672032314
ZDT3_30_1000_uniform.csv,0.693353495909676,1.0773047889905,0.132156574243746,1.674283672459,12.6689397182088,-0.37612031244178,0.738485049377466,68.5647776507392,1,2.4989999999998,1000,30,1,0.71401162488401,0.773975972924351,0.695989643227812,0.094805898601532,0.582555649798017,0.29247465891958,0.471042237712073,0.744299242096815,0.727316913062205,0.816409418928071
ZDT3_30_1200_normal.csv,0.657016553183754,0.863501938047291,0.192277098172257,1.96320959343989,10.2103142397182,0.454856562849618,0.737609513281392,2063.10848609504,1,2.36200000000099,1200,30,0,0.594429440442056,0.644209835364292,0.663014480626179,0,0.434177681090969,0.215561528382245,0.53362464746283,0.744983551590131,0.715596306462681,0.814986031548809
ZDT3_30_1200_uniform.csv,0.692155739304604,0.967090528096657,0.185500301602507,1.68321063838058,9.07389704404572,0.513036511242294,0.741441115986802,602.989562445951,1,2.38899999999921,1200,30,1,0.695242326169957,0.716869623427663,0.62315446289739,0,0.573317301136926,0.309708773372595,0.407572413181291,0.714651080290476,0.678136051719625,0.814085703018365
ZDT3_30_150_normal.csv,0.623362288638508,0.312579556992809,0.001368931699483,1.83237847955084,1338.54631333516,1,0.551194829281675,2354.46299644451,1,0.110000000000582,150,30,0,0.421053526049546,0.148050238842024,0.66516016903305,0,0.308974516952683,0.151930551262691,0.383009335295655,0.653780710874682,0.629168500437837,0.662992957229864
ZDT3_30_150_uniform.csv,0.664534843091835,0.504748469936364,0.009438403597477,1.60423783356855,169.969192035537,1,0.562561964199883,183.945468472847,1,0.074999999998909,150,30,1,0.386154746710551,0,0.598659439009882,0,0.296680922652287,0.180827843455686,0.039693098065957,0.498413228118381,0.678570356670137,0.65654382761038
ZDT3_30_1500_normal.csv,0.646826275130728,0.976089264901993,0.186788570620116,1.96706689851934,10.5309810551519,0.559167701178672,0.72675454278273,308.916606893463,1,4.06999999999971,1500,30,0,0.608237250409263,0.701821435864954,0.716589512854809,0.203300400077155,0.450631965609439,0.264487414555999,0.541184262719685,0.797601053300411,0.747802552511633,0.839399958748764
ZDT3_30_1500_uniform.csv,0.685062554751124,1.10552323552989,0.193865181466247,1.68911614019108,8.71283913602178,0.603625997077585,0.732421217443639,441.396823019045,1,3.83300000000054,1500,30,1,0.687570549044056,0.711834735315866,0.696492005753282,0.266350538392237,0.558587196177451,0.391215050583146,0.587830912864008,0.789495021290979,0.7464329471504,0.833980587015092
ZDT3_30_200_normal.csv,0.602553021561768,0.62806906784527,0.028278072827709,1.91109920775723,67.5823709557947,1,0.630229783153075,444.767820570836,1,0.114999999999782,200,30,0,0.444510961920785,0.048844182680398,0.672961590630222,0,0.364689826305461,0.234559155579649,0,0.562054854849216,0.545057383673485,0.69927959678882
ZDT3_30_200_uniform.csv,0.649129957658957,0.842763109647392,0.038162591665713,1.64983669325516,43.2317780644189,1,0.638381575958624,59.5746900466579,1,0.117000000000189,200,30,1,0.430290096710799,0.015883269781488,0.542851689704567,0,0.173578486697057,0.232949470277931,0,0.496783024193527,0.548277016927563,0.568822722391662
ZDT3_30_2000_normal.csv,0.641260496624951,0.797152511502462,0.183387381768972,1.95067505272468,10.6369098784675,0.603832385038682,0.721972392097404,55958.4185675859,1.00250386579708,5.82600000000093,2000,30,0,0.622086457813627,0.700978622037865,0.673096064306188,0.155831113911666,0.496813410960909,0.312568648842475,0.538963775612038,0.776390500184947,0.754854903057049,0.836874590914738
ZDT3_30_2000_uniform.csv,0.678516841009044,0.949313908541878,0.204600493292117,1.67466563665562,8.18505180368567,0.646274664049947,0.726621223744339,7147.19201192254,1.00253804851796,5.95000000000073,2000,30,1,0.645725564080115,0.659146434154642,0.665832851357674,0.109273036265415,0.576634538936196,0.363213465336364,0.492093285250191,0.760802629615048,0.741106097503322,0.826286841233706
ZDT3_30_250_normal.csv,0.631678110508324,0.509849069547298,0.11437374660193,1.96389286827935,17.1708361982277,1,0.681435275531947,209.42383189282,1,0.176000000001295,250,30,0,0.416854700846674,0,0.608641493423755,0,0.28264653272484,0.339755356653364,0,0.546894142080909,0.545892302605385,0.700211747692438
ZDT3_30_250_uniform.csv,0.671599580525832,0.580094361221661,0.126064551983479,1.69084056284384,13.4124980911797,1,0.684389342729887,613.876487397407,1,0.333000000000538,250,30,1,0.412439273875086,0,0.550392772219904,0,0.260424959784637,0.184181878907813,0.23770622197777,0.591184130308498,0.481080191628725,0.659896695697985
ZDT3_30_300_normal.csv,0.645803458665698,0.43085694692423,0.138893357400969,1.95348363401289,14.0646296595266,1,0.712567873672191,1032.39284981601,1,0.220999999999549,300,30,0,0.428977442040512,0.533376638221996,0.628930378435822,0,0.237931390122781,0.00719166954139,0.321750018253275,0.625094171629936,0.630949876049561,0.727617410048852
ZDT3_30_300_uniform.csv,0.681936793786505,0.675346941678139,0.138474801257903,1.67380756777641,12.0874523925767,1,0.717080044674199,9189.74666099746,1,0.221999999999753,300,30,1,0.565046829062764,0.586330096057771,0.769571874081879,0,0.23143585376656,0.346924495485937,0.424014107976401,0.719432276044453,0.740760358513096,0.766435771256562
ZDT3_30_350_normal.csv,0.657707482896976,0.581068336544526,0.111056613323296,1.98761928147387,17.8973518280063,1,0.741434849112816,107.330972419671,1,0.289000000000669,350,30,0,0.49215431569317,0.670280290899102,0.652497984373082,0,0.422831391705747,0.203297940875897,0.197475927576842,0.593663059867228,0.564634374772768,0.709432750790175
ZDT3_30_350_uniform.csv,0.693602027315316,0.62261228048138,0.121666561573063,1.70101656615933,13.9809701545468,1,0.747238572367114,86.8509169839651,1,0.293999999999869,350,30,1,0.598367402949497,0.685408493553781,0.655561410109764,0,0.403801262370877,0.23443673161815,0.232579764605682,0.605221941606673,0.606314646337355,0.733240544343138
ZDT3_30_400_normal.csv,0.628875056229784,0.905473238888295,0.067479403213065,1.93769674823888,28.7153806343046,1,0.708361276988454,94.7305802295769,1,0.367000000000189,400,30,0,0.478656552909642,0.606929354893484,0.674463143078298,0,0.340091748259201,0.16006124738988,0.43209696203425,0.64391659465181,0.60644199696109,0.773797243371223
ZDT3_30_400_uniform.csv,0.667803596747733,1.03539317632744,0.080414206529692,1.6679505541444,20.7419885879062,1,0.714194454251216,4002.47250994956,1,0.373000000001412,400,30,1,0.541510920671906,0.63570535122626,0.558255917657984,0,0.407021247866504,0.180484899910441,0.185654906003164,0.576853050988095,0.57639358348059,0.685155758415166
ZDT3_30_500_normal.csv,0.682328832710158,0.541901186264783,0.152451880109202,2.0004950465559,13.122140869125,1.00157856889884,0.746374634069816,708.593419451581,1,0.583000000000538,500,30,0,0.582156928592458,0.669232622576035,0.577649528155203,0,0.421777720490731,0.168249828607217,0.389063976950197,0.588263512723723,0.568393683113393,0.741912034041922
ZDT3_30_500_uniform.csv,0.716162694249336,0.654926034587967,0.171395388965526,1.70842790671424,9.96775885877461,1.00121742673747,0.751669694843411,349.28244259062,1,0.550999999999476,500,30,1,0.667355642622551,0.694766833750117,0.659577286985997,0,0.460595355716036,0.307796776637209,0.429665361773852,0.681918158995845,0.678080242398933,0.756056727334215
ZDT3_30_600_normal.csv,0.620909099044461,1.12522436126836,0.0717735403689,1.92137271057251,26.7699308226553,1.03774772851209,0.700608990666056,192.371987688523,1,1.35699999999997,600,30,0,0.54975677220688,0.619720565923428,0.680821885485696,0,0.340143535019547,0.19985130069727,0.4278842837801,0.692826707226511,0.61763895051381,0.784565670160648
ZDT3_30_600_uniform.csv,0.660232210444989,1.28371321576564,0.08146437665984,1.64963023301913,20.2497128273291,1.03448857108665,0.709954083693016,89.5727715409624,1,1.48799999999937,600,30,1,0.576724314487673,0.658411560383366,0.660022400795934,0,0.35880616220653,0.272634225293184,0.274854936692568,0.629732567858604,0.653575011113414,0.725802002905876
ZDT3_30_700_normal.csv,0.650809300445717,0.841671908594716,0.161936253231407,1.96977636990189,12.1638998716802,1.11868073934478,0.734495947069283,728.765298093012,1,1.84200000000055,700,30,0,0.57632752953232,0.669273523591175,0.681870810697369,0,0.365289948311687,0.275075631753411,0.55919823993721,0.740486344932961,0.662893323574359,0.806066367805849
ZDT3_30_700_uniform.csv,0.68709147411839,0.910258829010521,0.175679762217398,1.68728767148753,9.604337176866,1.10880505206467,0.73949799568156,1486.90211683743,1,1.84000000000015,700,30,1,0.651341099374563,0.651163520391199,0.634843550982074,0,0.45739547767562,0.34273942228507,0.43831910941061,0.717995716499065,0.693637042328001,0.809902770945832
ZDT3_30_800_normal.csv,0.676290060953463,0.624697113343223,0.153829086742927,1.95720331865035,12.7232330379829,1.29822519158037,0.744862873860698,457.53212978994,1,1.93900000000031,800,30,0,0.544247875490959,0.636114169243212,0.672357519587534,0,0.3451181696691,0.221619671076423,0.478922877223644,0.715068827793399,0.719797494136113,0.82849691681116
ZDT3_30_800_uniform.csv,0.710001163705013,0.810220699764974,0.156627357150728,1.67923191870184,10.7211916822797,1.26622283275989,0.747373131833911,202.182695980981,1,1.44300000000112,800,30,1,0.627026176028812,0.666192383219591,0.610885838480303,0,0.468735987491806,0.359695789962712,0.521528360395005,0.740027219784274,0.692978289214677,0.799226727887599
ZDT3_30_900_normal.csv,0.666763717178233,0.74049466108325,0.146970649351456,1.94860173077173,13.2584413239678,3.0935397117918,0.739096668867308,254.749538777303,1,1.81099999999969,900,30,0,0.56939763020681,0.650111312820781,0.68790409972384,0,0.408648871598328,0.232546163351102,0.494504852176724,0.723036772271076,0.700954558553021,0.813469293201393
ZDT3_30_900_uniform.csv,0.700836568536022,0.911154778893753,0.164273301075298,1.67165652856269,10.176069498941,2.91802532883377,0.743258100408727,992.68736663218,1,1.75799999999981,900,30,1,0.678853375565562,0.695423006676938,0.707099723306611,0,0.509965075109541,0.315838820062731,0.500837192114021,0.743722098752163,0.736588943646231,0.831373005880602
ZDT4_10_100_normal.csv,-0.025693932539431,93.2648350576223,0.244581114497362,10.4170346782528,42.5913288508019,2.5650892940158,-0.022779774842078,17.4061960762817,1,0.010000000000218,100,10,0,0,0,0,0,0.056120194194901,0,0,0,0,0
ZDT4_10_100_uniform.csv,-0.021478276152487,95.2681787112856,1.40605328205618,10.4908652350119,7.46121457052487,2.60068700964579,-0.020220255963309,24.0893448066031,1,0.009999999998399,100,10,1,0,0,0.109023048078119,0,0.054541606998867,0,0,0.128988231017457,0.093353682494016,0.012576684597452
ZDT4_10_1000_normal.csv,0.011374704862814,80.6373178745706,0.141542616081392,7.39262350608689,52.2289590990452,0.00218806533013,0.073782497960779,11.2631749226477,-0.024174092459941,0.059999999999491,1000,10,0,0.008738144070923,0,0.348458391330143,0,0,0,0,0.343180678849736,0.322591303443892,0.586572802006936
ZDT4_10_1000_uniform.csv,0.011248607823525,81.2865956048811,0.146931457585357,7.3761947945947,50.2016036307926,0.00287540350048,0.063716003142394,2.79134573893165,-0.026009092294392,0.054000000000087,1000,10,1,0,0,0.368903215987173,0,0,0,0,0.300663550946556,0.239004552155662,0.552871947910573
ZDT4_10_1200_normal.csv,0.026904982625918,84.0623821132059,0.369916607234891,12.6675462684038,34.2443297236454,0.020328375327413,0.08714146486551,8.7939473070461,0.055719542265174,0.074999999998909,1200,10,0,0.005879708677046,0,0.335061602994495,0,0,0,0,0.324516321127778,0.29527809755841,0.641369833386359
ZDT4_10_1200_uniform.csv,0.027755347557535,84.5453836538791,0.3290480857584,10.5654482428013,32.109131461591,0.022589555495324,0.074350218832945,89.7351341765333,0.034446295757403,0.076999999999316,1200,10,1,0.008621061825676,0,0.295075718920388,0,0,0,0,0.365806261484849,0.30644295027932,0.602020453204429
ZDT4_10_150_normal.csv,0.027518549240118,88.8500621342755,0.359307245884229,22.5422158027942,62.7379939063557,-0.559263614656318,0.055538151399272,39.3721803921816,1,0.016000000001441,150,10,0,0,0,0.26962749957549,0,0,0,0,0.221197176912568,0.112999468649355,0.219340570190808
ZDT4_10_150_uniform.csv,0.029161546732356,89.4949414280685,0.398017579670763,18.5416035705657,46.5848859889635,-0.573080581221352,0.042308308318456,19.3585769502027,1,0.011999999998807,150,10,1,0.009482753346215,0,0.407694647882541,0,0,0.138529047973732,0.226920360360807,0.429207149051232,0.399640973886139,0.532835617428806
ZDT4_10_1500_normal.csv,0.012701026057898,83.0941512290178,0.773415447930364,8.40538015530968,10.8678720832409,0.00035287968345,0.057314334840099,5.56941410474711,0.023431983521909,0.093999999999141,1500,10,0,0,0,0.43118183689711,0,0,0,0,0.31518706957923,0.310829176184661,0.610438969697039
ZDT4_10_1500_uniform.csv,0.012496152924232,84.3769803028154,0.704540175026877,6.95364034417597,9.86975702827833,2.21385486054437E-05,0.046206403317882,2.50204860771086,0.015191679665304,0.089000000001761,1500,10,1,0.018292683340751,0,0.411325197232153,0,0,0,0,0.384760023509407,0.288312593041196,0.659164021359007
ZDT4_10_200_normal.csv,0.054561942840063,93.6640238801263,1.26669727880896,19.625367753087,15.4933369490935,-0.139424555678483,0.085125046688382,3.5705599006377,1,0.018000000000029,200,10,0,0.006190622239768,0,0.348246716789401,0,0,0,0,0.239902505603245,0.287803806829862,0.372297375796638
ZDT4_10_200_uniform.csv,0.062581828518082,93.1310596241567,0.769581134728743,17.3980499307233,22.6071679068064,-0.114361687562221,0.0769870498491,3.26947512039375,1,0.018000000000029,200,10,1,0.001865627632829,0,0.342363421720844,0,0,0,0,0.213338594066117,0.250382702948182,0.246198053800663
ZDT4_10_2000_normal.csv,0.011017199895792,85.9342007051899,0.282546945292514,9.65163795863739,34.1594135751327,0.014188822897938,0.057011609750396,17.0092483902504,0.046668188960831,0.149999999999636,2000,10,0,0.009375372827418,0,0.440030575193634,0,0,0,0,0.368356036849226,0.310759476462894,0.64680453016839
ZDT4_10_2000_uniform.csv,0.012221033469509,86.5531177367422,0.226728655697436,8.23444126714523,36.3184849388155,0.015223979962014,0.048083993662716,17.0655735933603,0.032605135849566,0.123999999999796,2000,10,1,0.007753214335834,0,0.457774930163867,0,0,0,0,0.345264114095328,0.334966026684341,0.652960753163178
ZDT4_10_250_normal.csv,-0.000586215995189,82.1716589262933,0.557369234808806,11.2316804707076,20.1512386570105,-0.076703201437586,0.041160444831069,27.1109561289638,1.03461866767412,0.015999999999622,250,10,0,0,0,0.136091548589946,0,0,0,0,0.224588020734597,0.17388270933369,0.286948680251847
ZDT4_10_250_uniform.csv,0.0028973679157,84.8262964567489,0.465929015002036,10.0875315963184,21.6503614746429,-0.075111558472291,0.025590902189655,21.256205815285,1.03144917200648,0.019999999998618,250,10,1,0,0,0.073932301084819,0,0,0,0,0.181886082711766,0.173780563930315,0.238968740593765
ZDT4_10_300_normal.csv,0.032638133287667,88.6656106840853,0.942489102889235,16.3964665682916,17.3969826473618,-0.030925148326864,0.069181117180225,79.7372595781891,1.20477304979985,0.022999999999229,300,10,0,0.011724144612746,0,0.361286519742433,0,0,0,0,0.307761673806277,0.290014480992504,0.486989515099295
ZDT4_10_300_uniform.csv,0.03196862161249,88.4169705681128,0.948571842419134,13.2300685497282,13.9473553378811,-0.02881045150357,0.063818096554117,97.8107057049264,1.20561355797379,0.020000000000437,300,10,1,0.007992068090278,0,0.270273181869892,0,0,0,0,0.299391737334777,0.193452843703757,0.389111486372043
ZDT4_10_350_normal.csv,0.017178011300812,89.3526123849635,0.082142703911431,16.2720911093578,198.095391733183,0.004851082388279,0.018624815678378,35.1948081911839,1.69320119743294,0.03899999999885,350,10,0,0,0,0.27624198539925,0,0,0,0,0.246151176533462,0.106589734543503,0.445871456077071
ZDT4_10_350_uniform.csv,0.017951093305747,89.7412798768867,0.065715686421677,13.3962871273045,203.852198109058,-0.000856810217208,0.014095956788119,10.4698185420958,1.71878234436982,0.020999999998821,350,10,1,0.004501546589683,0,0.313102508907532,0,0,0,0,0.246745001152749,0.249638057684996,0.514015331242609
ZDT4_10_400_normal.csv,0.016206143379439,90.5543498490644,0.121805462825067,13.3777999403344,109.829227934933,0.038169239458672,0.056665675666457,22.6387570778915,4.50415521539,0.040999999999258,400,10,0,0.011288168173055,0,0.348884870904215,0,0,0,0,0.259867551222251,0.161548235352672,0.480010676227316
ZDT4_10_400_uniform.csv,0.011656860711673,89.8141882505972,0.306169877545199,9.48612371195857,30.9832037952792,0.028857201663789,0.030351087298282,6.94222744198965,4.56798972765367,0.02599999999984,400,10,1,0,0,0.289416312500417,0,0,0,0,0.267202781485091,0.280297246117594,0.449649998924809
ZDT4_10_500_normal.csv,0.014247787153489,83.2913271795304,0.012237142006566,9.92868439430856,811.356474328833,0.017732472510445,0.063301613905425,16.504810885312,-0.970550062862783,0.031000000000859,500,10,0,0,0,0.282007982699729,0,0,0,0,0.283019306383362,0.23335055278548,0.539010573123746
ZDT4_10_500_uniform.csv,0.013415007029933,84.5473021084017,0.031848685660522,7.7092341535679,242.058156990885,0.019103816967194,0.056129183436543,14.6169686622958,-0.997507635152968,0.031999999999243,500,10,1,0,0,0.215814366791436,0,0,0,0,0.140193235416948,0.161837961109908,0.379909864508657
ZDT4_10_600_normal.csv,0.004614873394394,85.1591601325466,0.411346400288568,8.04598659257818,19.5601239902276,-0.02375051762025,0.067331110938118,15.4474107653329,-0.468165170583492,0.039000000000669,600,10,0,0.000967392208436,0,0.391207150003976,0,0,0,0,0.242167022755998,0.27662010374364,0.541772798674211
ZDT4_10_600_uniform.csv,0.002479879756172,87.5728335792067,0.352501200787482,6.52184053430096,18.5016122490683,-0.026941299520921,0.055886518094057,15.0275111467741,-0.475013707467246,0.037999999998647,600,10,1,0,0,0.344342948454706,0,0,0,0,0.263988573059114,0.275196284775637,0.542424302481487
ZDT4_10_700_normal.csv,-0.000526805482148,81.8256991946681,0.514135496581132,5.62772179875304,10.9459896003601,0.006904269479535,0.061167656088428,7.37158009325359,-0.147065527494087,0.042999999999665,700,10,0,0,0,0.383038264824656,0,0,0,0,0.293972410044454,0.26608373390884,0.560348397651098
ZDT4_10_700_uniform.csv,0.000133918019931,82.6572418549332,0.636539086525881,4.92747257681358,7.74103693098701,0.007918564135653,0.050367355172986,3.5474400441924,-0.156507989540727,0.039000000000669,700,10,1,0,0,0.340593603165595,0,0,0,0,0.306938739836688,0.221894794508577,0.555690093931101
ZDT4_10_800_normal.csv,0.022349028722207,75.3837408833298,0.353551330353437,8.96958988407263,25.3699791628727,0.013890668011659,0.066213190937886,7.7402459362796,-0.069668500058042,0.050000000001091,800,10,0,0.006071634108951,0,0.451203981771553,0,0,0,0,0.33359772665542,0.298269170287173,0.603219814185279
ZDT4_10_800_uniform.csv,0.022624267536224,77.7321995685995,0.348574329011984,7.53535519607752,21.6176424048096,0.014089625043016,0.059041123570124,4.55211536976245,-0.071068497837668,0.064000000000306,800,10,1,0,0,0.465267620479714,0,0,0,0,0.327387826070264,0.30376379400647,0.622122638818376
ZDT4_10_900_normal.csv,0.014200833300637,82.1537776082112,0.627865241284583,10.5890674043037,16.8651912990739,0.000801715459152,0.065657335214311,16.5385824423889,-0.04530981484779,0.057000000000699,900,10,0,0.008079502104043,0,0.450129309954437,0,0,0,0,0.325631591409405,0.303350307374728,0.644500741252696
ZDT4_10_900_uniform.csv,0.014658665894366,83.265563847313,0.638510600590011,8.8843827913478,13.9142291187308,0.001934332167803,0.056292837582809,12.3211832766969,-0.049690722068599,0.052000000001499,900,10,1,0.008147424088317,0,0.322393515287746,0,0,0,0,0.362960899856049,0.322972928603228,0.581856607622111
ZDT6_10_100_normal.csv,0.981907483926727,6.3946973175618,0.057438745175414,0.595975440898332,10.37584367622,1.01278335705545,0.979390414400781,18.1184792520434,1,0.010999999998603,100,10,0,0.94520322028977,0,0.567606028948744,0,0,0.321414601894832,0,0.367138491839769,0.359727273146814,0.574317261045055
ZDT6_10_100_uniform.csv,0.988841078338738,6.53698355780725,0.047226656891891,0.446065247920307,9.44520059807364,1.00760217000581,0.987741341709034,8.46618092235073,1,0.010000000000218,100,10,1,0.946525273450249,0,0.537587808689606,0,0,0.515973973819803,0.31451341989842,0.568706716612479,0.503007479792051,0.69129965138784
ZDT6_10_1000_normal.csv,0.98044299204258,6.33696907500521,0.04393426778955,0.624058514720191,14.204368164493,0.992702334613275,0.981503679274177,7.51750772546493,0.996315811671026,0.060999999999694,1000,10,0,0.97889939945375,0.599909844859677,0.723842229258558,0.944678743117868,0,0.847076297290819,0.44330028493981,0.770382021758482,0.780948225982997,0.900215197943712
ZDT6_10_1000_uniform.csv,0.983331187975967,6.49944001574006,0.036328212098448,0.439732711298471,12.1044413115299,0.995603565862544,0.984493083172612,2.34430249902898,0.996485018492278,0.06000000000131,1000,10,1,0.975707144644423,0.620179686017569,0.738778131109779,0.947085513008468,0,0.834338116678234,0.432494521306022,0.760517724533549,0.792425825203518,0.895969768216837
ZDT6_10_1200_normal.csv,0.982548931993151,6.30457738510354,0.046516126331898,0.643980998217956,13.8442524990812,0.99250757138914,0.983325696582149,8.73273958503989,0.996459194480559,0.075999999999112,1200,10,0,0.982396726498973,0.933174227268866,0.755594008306648,0.971342809220391,0,0.830723389858242,0.456628285414476,0.781705023412607,0.801813142382986,0.910496942223809
ZDT6_10_1200_uniform.csv,0.985454569934391,6.47213550588473,0.040009412733802,0.445859294723992,11.143860013404,0.995899200971288,0.986168244118889,206.877669091616,0.996547719677503,0.089999999998327,1200,10,1,0.974717610453976,0.727623289002359,0.722908315193999,0.95533919008036,0,0.843601302249999,0.372063043843514,0.753201976682339,0.786168247174453,0.913846144971253
ZDT6_10_150_normal.csv,0.986623865609388,6.32183526587797,0.057085934534296,0.653224904215398,11.4428345536316,0.992688753280086,0.986507437588346,38.4757721874158,1,0.016999999999825,150,10,0,0.948533611807857,0,0.540527428141548,0.288710446503258,0,0.721245109330431,0.117786463932997,0.54370815070686,0.624949938046339,0.645365616978208
ZDT6_10_150_uniform.csv,0.988377226093027,6.494527211725,0.050542755320465,0.450695731169707,8.91711835478858,0.994318131186227,0.988169813429533,11.1318569122079,1,0.015000000001237,150,10,1,0.936296954272818,0,0.640747817611214,0,0,0.701580344049472,0.180583465285179,0.618086102981065,0.561833872797128,0.750128203094474
ZDT6_10_1500_normal.csv,0.982252298289799,6.33301736685757,0.054825163673164,0.638983060496352,11.6549229894798,0.992863619510495,0.982916565481,10.0709431378723,0.9964978525169,0.105999999999767,1500,10,0,0.98164831776487,0.953334966497982,0.735532836881221,0.979490772140162,0,0.824081264906931,0.438175858765618,0.77346245651044,0.800700891749967,0.913328994759363
ZDT6_10_1500_uniform.csv,0.985428926158643,6.4961620405238,0.045678050130869,0.443382295146627,9.70668174049284,0.996039799145717,0.986018951648867,6.10455135658351,0.996610459389349,0.140999999999622,1500,10,1,0.977073166248565,0.965379295876876,0.743124269047045,0.97616040971148,0,0.832108145435123,0.531085994937791,0.782968084789599,0.792008222406033,0.914874841764836
ZDT6_10_200_normal.csv,0.972339234065254,6.30184462739772,0.038719666985243,0.623652400388578,16.106863745142,0.990277218894679,0.97429509030595,50.0769449557385,1,0.024999999999636,200,10,0,0.92795348888417,0,0.604622433208933,0.485226115185933,0,0.768764318135336,0.061854827403139,0.623964281521778,0.654778894281524,0.795717666388975
ZDT6_10_200_uniform.csv,0.978095619990349,6.44598423201033,0.033942719373748,0.464300856853929,13.6789528187605,0.995141033713036,0.979959436510298,22.9390815623581,1,0.029000000000451,200,10,1,0.974839329578392,0,0.631690522237923,0.146576632057093,0,0.786116135962805,0.046375372634439,0.700683089249566,0.768155443046972,0.756790012014382
ZDT6_10_2000_normal.csv,0.981331929254717,6.31347020120483,0.054268867581218,0.636447898089463,11.727679726078,0.99266577070133,0.981981640960719,4.38778662889048,0.996438373164573,0.14600000000064,2000,10,0,0.984580243682016,0.968985995630275,0.752307971830387,0.979091257297028,0,0.861226476120745,0.378646574989669,0.797166556352799,0.82892061607631,0.928814060719276
ZDT6_10_2000_uniform.csv,0.985245072763136,6.47977030211304,0.044737238381216,0.444474416855581,9.93522248888312,0.99595460160969,0.986031107950773,3.72413138317771,0.99669756265607,0.150000000001455,2000,10,1,0.977040689677228,0.980663696731241,0.723383489657455,0.978607641819993,0,0.863689023822673,0.406064806285046,0.780590268209561,0.819325088310238,0.92674108481708
ZDT6_10_250_normal.csv,0.983671207986804,6.34577866140217,0.054748490204202,0.64739051367133,11.8248103510559,0.991663738440079,0.985003483926596,26.9598893220304,1.00011589912116,0.023999999999433,250,10,0,0.955812127931225,0,0.666397286875837,0.670698048858758,0,0.634447531575739,0.294641297831107,0.57883273256457,0.650034788958803,0.764915722784428
ZDT6_10_250_uniform.csv,0.986563358911101,6.50550863533613,0.045052956191843,0.44273894077457,9.82707858035592,0.996138892695144,0.987483535038455,7.29425593652129,1.00010896660812,0.02100000000064,250,10,1,0.958154948354358,0,0.660120888752588,0.208798084328423,0,0.6606860023662,0.152113522079933,0.648504169429506,0.691419215432097,0.816863199695707
ZDT6_10_300_normal.csv,0.97932019399473,6.32504211715092,0.041632637353221,0.620188173608302,14.8966823395424,0.992077121330589,0.979904307734147,4.81433319564422,1.00056871079522,0.02100000000064,300,10,0,0.970180728987171,0,0.649330686074907,0.847976410062784,0,0.82066146581686,0.303069831373292,0.677155911300086,0.73431301589351,0.820346942284106
ZDT6_10_300_uniform.csv,0.982938142474385,6.48680696821245,0.03725223668533,0.443821332483442,11.9139512677427,0.996042208776177,0.983561062717712,10.2652120880678,1.00052797862114,0.019000000000233,300,10,1,0.955195560327734,0,0.709584448581095,0.815080778659692,0,0.836785948463449,0.449306554654557,0.716548370055454,0.751973193503371,0.810480917660805
ZDT6_10_350_normal.csv,0.984107997425929,6.35763353282623,0.039783176761433,0.625313749802143,15.7180446788338,0.993289567875177,0.984598605282282,72.4322629253684,1.00212064707595,0.02599999999984,350,10,0,0.97923955533846,0,0.714640546046692,0.886579767902706,0,0.785846909924172,0.189679203238625,0.703596443907087,0.719574034946151,0.833017889214129
ZDT6_10_350_uniform.csv,0.986563035335714,6.5179517327572,0.032258721271282,0.438078174988215,13.5801469408586,0.995706442905909,0.987543978170397,14.810400906875,1.00217568908508,0.024999999999636,350,10,1,0.957306906541672,0,0.749114412150487,0.806530915594841,0,0.781386844715311,0.103848751558983,0.779838321724296,0.728953851805989,0.856545641039892
ZDT6_10_400_normal.csv,0.978387438989545,6.29085055512319,0.068454756644079,0.649857917212276,9.49324705938443,0.991845539156853,0.979138393038086,11.3270839886979,1.01449788802642,0.028000000000247,400,10,0,0.969755244993641,0,0.665865897829277,0.8282642574844,0,0.764081608585145,0.285204247683264,0.7075815639512,0.720587763724034,0.819976335423799
ZDT6_10_400_uniform.csv,0.982093832158884,6.45383897741589,0.054424011881573,0.453986746747671,8.34166264213582,0.995770233256238,0.982533181307299,11.0552509106116,1.01359509395133,0.049000000000888,400,10,1,0.960499512703706,0,0.724261862668096,0.835784277139329,0,0.842808672103041,0.384476582266819,0.712825319350767,0.764928969318996,0.849555612667893
ZDT6_10_500_normal.csv,0.984554423911178,6.3402346520083,0.049646087182269,0.649100698531127,13.0745590513114,0.99214622559853,0.985240077188288,14.3509474668166,0.993164761346734,0.033999999999651,500,10,0,0.977752677674303,0,0.670607872791034,0.879478252026425,0,0.793025305661117,0.33715695053439,0.710007802999616,0.732989640878631,0.848875089888643
ZDT6_10_500_uniform.csv,0.986869185501262,6.50746991149319,0.04146561049763,0.443794815397707,10.7027199183062,0.995681300801463,0.987348166142044,14.3432910741717,0.993262805936345,0.032999999999447,500,10,1,0.96141174045757,0,0.735548709786893,0.879333278087322,0,0.795802512958071,0.183329642364789,0.699630776744362,0.729859536576439,0.855694896606705
ZDT6_10_600_normal.csv,0.98050720687614,6.32471217193955,0.051326726657962,0.633434857287956,12.3412284112549,0.991632227315408,0.981119356604156,72.2551580169038,0.993969275842157,0.040000000000873,600,10,0,0.979854131588158,0,0.722618278816386,0.906774264810707,0,0.816541616224349,0.192149418879007,0.726444321659714,0.746884444704874,0.883010573062186
ZDT6_10_600_uniform.csv,0.985262143237582,6.48459073208411,0.043670129078402,0.4448707019514,10.1870709187214,0.995638081847417,0.985487102153826,264.511270757236,0.994533814118492,0.037000000000262,600,10,1,0.961689672173224,0,0.720437818154102,0.89745404042311,0,0.83102390924825,0.363875587358455,0.695172858667117,0.771582805218464,0.860789073305297
ZDT6_10_700_normal.csv,0.983150360801518,6.32021338498592,0.046882947877435,0.629244896908654,13.4216154358228,0.993156594725445,0.984302269253121,17.8770736861156,0.996254587241311,0.043999999999869,700,10,0,0.980087850694647,0,0.693404565491384,0.926646284907639,0,0.799317299620039,0.346659654652789,0.697493109280986,0.759901329577111,0.874839866486303
ZDT6_10_700_uniform.csv,0.986580714845547,6.48606819794065,0.040895122421433,0.446668189446785,10.9222851772829,0.996173744769038,0.987445900015889,10.4961147182194,0.996416417694786,0.038000000000466,700,10,1,0.973287400601297,0,0.733455127643808,0.903356225000697,0,0.810280115040531,0.477718751980562,0.720284811527597,0.775800241504487,0.887024573041656
ZDT6_10_800_normal.csv,0.981971562571318,6.35210120526089,0.048730778314532,0.62616239031431,12.8494231360877,0.991902156319707,0.982563342728105,34.8667541892413,0.995771359087117,0.048999999999069,800,10,0,0.974429339771243,0,0.706713538962778,0.91667339811725,0,0.789186127579872,0.361465564111872,0.73509860033261,0.758501784240666,0.872474308661002
ZDT6_10_800_uniform.csv,0.986083527776872,6.51008239272084,0.036700162451603,0.43979754307055,11.9835312350598,0.995597700722246,0.986716332629228,9.55525238121082,0.995955160124197,0.048999999999069,800,10,1,0.967004046390828,0,0.715479178843632,0.899927377786318,0,0.807082604878996,0.139143450541478,0.752610211221692,0.770730662200543,0.890351269916134
ZDT6_10_900_normal.csv,0.982987612309906,6.32658627561208,0.054386812072086,0.640776643706807,11.7818386350261,0.992657644798291,0.983608443886578,13.0986670485439,0.996035408567246,0.061999999999898,900,10,0,0.98090421541039,0.039858419448704,0.699305520502623,0.926197969273328,0,0.814867900140527,0.261297873346632,0.726769961720574,0.759425436225276,0.903438451122926
ZDT6_10_900_uniform.csv,0.984870846249299,6.49386014797453,0.045765222434452,0.443181925772512,9.68381452547881,0.995671075167409,0.985453746705798,7.30229714185558,0.996135873376099,0.058999999999287,900,10,1,0.969376651776363,0,0.708331497308696,0.920437334848804,0,0.846713090318251,0.404480577364227,0.762585053176151,0.796249505932584,0.907499661136505
