x,ela_meta.lin_simple.adj_r2,ela_meta.lin_simple.intercept,ela_meta.lin_simple.coef.min,ela_meta.lin_simple.coef.max,ela_meta.lin_simple.coef.max_by_min,ela_meta.lin_w_interact.adj_r2,ela_meta.quad_simple.adj_r2,ela_meta.quad_simple.cond,ela_meta.quad_w_interact.adj_r2,ela_meta.costs_runtime,SVM,GPR,NN,EN
DTLZ1_10_1000normal_noisy.csv,0.652978354398726,424.183993379244,0.333424656254791,480.026040879861,1439.68369427678,0.660741923787003,0.651882146744527,4.746746929917,0.655957830170424,0.0219999999999345,0.10493826164028841,0.0,0.6867094703092751,0.6686373009379105
DTLZ1_10_1000normal.csv,0.797040683171368,466.296149970044,1.0927015870137,575.169686569206,526.373982983877,0.800993138530964,0.799490433481718,115.249915948686,0.807305209728596,0.0369999999993524,0.05775208043602009,0.30435402218612706,0.7848797605454836,0.7993834399011105
DTLZ1_10_1000uniform_noisy.csv,0.738541343101772,428.941645236046,0.24701735136717,425.578402418005,1722.86845463508,0.735942419073707,0.737424887203345,133.259432377067,0.724953558361295,0.0190000000002328,0.16633372868784124,0.0,0.7657578214542358,0.749536054444722
DTLZ1_10_1000uniform.csv,0.815387208388939,473.450941882347,1.49458527381844,475.913844690619,318.425353860694,0.819050729580817,0.815405167359391,11.3207596565544,0.810330497457416,0.0180000000000291,0.1851987489300171,0.4893042697556924,0.7918510581943059,0.7943459605907194
DTLZ1_10_100normal_noisy.csv,0.644592144542962,405.15010648084,0.219990374508006,423.351146948888,1924.407592358,1.56353400656371,0.629846477188033,51.2754261144012,1,0.0069999999996071,0,0.43623680289507405,0.6260134287043984,0.6689042358502526
DTLZ1_10_100normal.csv,0.765477204187592,428.283223705153,1.04711952250621,507.171904908996,484.349583794519,1.384755544215,0.74031408329623,26.9626528205757,1,0.0069999999996071,0,0.4365766287666709,0.7666808794084644,0.7072332704025548
DTLZ1_10_100uniform_noisy.csv,0.730936517536805,419.167154854917,1.43725251198413,373.844904356226,260.110802547934,1.3735992381359,0.709110575458709,34.789232915482,1,0.0069999999996071,0.014497003944794695,0.32883659241850705,0.8011468264455508,0.6517792030802967
DTLZ1_10_100uniform.csv,0.784440274646917,426.491315368017,1.62886132782272,421.825711643581,258.969689094056,1.35543098268771,0.767996083321483,18.086418655481,1,0.00599999999940337,0,0.3945480147215409,0.8504065538545533,0.8199785768928227
DTLZ1_10_500normal_noisy.csv,0.698859694521104,440.705860568491,3.36599350404509,478.401836785487,142.127973868805,0.697403299614912,0.696902181302829,832.865430703069,0.36929204485208,0.0119999999997162,0.07991723326366129,0.12542374209448937,0.7258030564543209,0.6360069704139548
DTLZ1_10_500normal.csv,0.831026699881175,470.742401864236,0.308387612057449,574.035634371589,1861.40951169158,0.829773617359745,0.836918865750813,1001.05973391226,0.710489989551134,0.0150000000003274,0.0701673063743421,0.4962242664946356,0.8360294881312509,0.8122347306255691
DTLZ1_10_500uniform_noisy.csv,0.742494431273089,427.943098403453,2.35041855171439,417.812042195043,177.760697936243,0.734415651026037,0.740508877366689,78.2939441145064,0.439263603184492,0.0120000000006257,0.06944389113231719,0.08940140525320106,0.6942520119779667,0.7020509953986145
DTLZ1_10_500uniform.csv,0.845485594534244,468.615194508291,0.122398665382132,474.056734444387,3873.05476709545,0.846125382723756,0.846567894857126,16.8120950154065,0.710467099445147,0.01299999999992,0.08079516029563683,0.4865816668519598,0.8130715239462655,0.8183612570639571
DTLZ1_20_1000normal_noisy.csv,0.76225310696933,935.691627511858,0.225092003840584,1042.9968099168,4633.64665168417,0.747529557424245,0.763556930074214,39.5703530555072,1.01085673791051,0.155999999999949,0,0.6701417552790471,0.7746732329077908,0.7629168348031052
DTLZ1_20_1000normal.csv,0.888861202569288,1011.98239964666,0.80587485493315,1231.06192336764,1527.60930041645,0.881608699909475,0.894155112863864,507.38142950963,1.00435120813059,0.229999999999563,0.03880327161959951,0.7973869084553272,0.856838733122274,0.8771400952390732
DTLZ1_20_1000uniform_noisy.csv,0.823707253830917,954.347851723984,0.520940304584628,914.479871515292,1755.44081244482,0.809867470861826,0.82292359863596,91.7593105378942,1.00881422521778,0.152000000000044,0.04816245270444808,0.6594294617129826,0.7998567449156839,0.8016278819464902
DTLZ1_20_1000uniform.csv,0.91215171062118,1027.93956270126,0.908518174827266,1019.95838987926,1122.66151425444,0.905859258840938,0.91242753014661,93.2699594377662,1.00431303713076,0.166000000000167,0.058288899444258746,0.822584194273963,0.904468467099853,0.9122693475554214
DTLZ1_20_100normal_noisy.csv,0.770759346174334,759.488015486595,0.0082321318282182,1089.25342905268,132317.296634989,1,0.529071531769778,276.205266220991,1,0.0360000000000582,0,0.2161245859393217,0.8313105836566127,0.7934265832465582
DTLZ1_20_100normal.csv,0.906552822458137,1056.34134846651,0.764345589262809,1219.73762175041,1595.79336740441,1,0.849850629505274,76.28639756296,1,0.0159999999996217,0,0.5894503532903572,0.9151970368872675,0.8361328940367604
DTLZ1_20_100uniform_noisy.csv,0.802190588662334,954.34207148419,3.97164629202251,907.002830137121,228.369487977552,1,0.613933486719879,98.6946229534111,1,0.0150000000003274,0,0.38563566382105685,0.7368321707212508,0.7744452127407787
DTLZ1_20_100uniform.csv,0.922863994303042,1036.04708421298,3.60219484678808,995.840212923412,276.453733148655,1,0.849994030121526,59.5598186528087,1,0.0160000000005311,0,0.7751974266418911,0.8909674671312907,0.880016294384967
DTLZ1_20_500normal_noisy.csv,0.751024182222004,989.609798099992,1.0601905556148,1099.51889542267,1037.0955387214,0.478551028957135,0.748964573487275,72.239745382472,1,0.0560000000004948,0.015821988400638642,0.5338387118369942,0.7251371972713077,0.7636319180331116
DTLZ1_20_500normal.csv,0.888070920853619,1013.53959313737,0.344307668996304,1265.18673447594,3674.58191728375,0.766886068254696,0.894121656656214,12410.3213789858,1,0.0579999999999927,0.018583380998780874,0.7607172105766034,0.8993953357286525,0.8930417330041911
DTLZ1_20_500uniform_noisy.csv,0.810689664565304,921.553003079404,1.91521221725689,931.685327651148,486.465843970846,0.593427171683782,0.811061029725769,106.282194649376,1,0.0779999999995198,0.016669303843342753,0.6749788527639462,0.7925767822650678,0.7976777390398584
DTLZ1_20_500uniform.csv,0.908139157813369,982.670708347857,0.668351893189541,1047.75613110677,1567.67137459073,0.801911001048362,0.908578450886178,44.4060734156237,1,0.0749999999998181,0.005003742534716471,0.741317058283758,0.9096394899793573,0.9071933416217245
DTLZ1_5_1000normal_noisy.csv,0.577632142729515,201.675990110003,2.19738568551409,223.8405683456,101.866763682513,0.578006554397963,0.582187787698124,7.02675647678119,0.579205005475059,0.00700000000051659,0.24762265642003378,0.0,0.5885372844722058,0.565331945851834
DTLZ1_5_1000normal.csv,0.664906829949038,217.842179606367,0.977316841697605,263.357333241809,269.469758429984,0.663210917014526,0.671013294572349,16.8941688543966,0.67286812675865,0.00600000000031287,0.32665947399825324,0.0,0.6453535205591656,0.708360385488688
DTLZ1_5_1000uniform_noisy.csv,0.601064508327213,206.724254633152,2.44136545666187,192.488788456765,78.8447251645638,0.599303417099893,0.601103545934051,14.640557886103,0.604505086361344,0.00700000000051659,0.3702203095769385,0.0,0.6160343770937461,0.6376833823349921
DTLZ1_5_1000uniform.csv,0.678234444950445,218.771540613147,0.695224711868643,217.646718065459,313.059524999425,0.676614177522132,0.677865520990256,15.9183695940847,0.674261967414465,0.00700000000051659,0.4274261966379186,0.0,0.6759393508912921,0.7536463166903448
DTLZ1_5_100normal_noisy.csv,0.656080765479626,211.505189546977,0.323365897970224,252.345193566508,780.370456966814,0.630834825204063,0.665232976733567,13.6619416957093,1.51772283102706,0.00399999999990541,0.051565443437863845,0.0,0.6518620356146244,0.6801721924419918
DTLZ1_5_100normal.csv,0.731536394060558,196.055572703943,2.6180896375141,289.419803012153,110.546177970805,0.728969418135696,0.746046780049063,9.69485073891845,1.4080826573234,0.00400000000081491,0.024398996839021803,0.0,0.8279024545332586,0.8383403556396182
DTLZ1_5_100uniform_noisy.csv,0.706270814405948,199.073279531883,5.59976408246644,216.312008231902,38.628771685079,0.760334363497247,0.705573055764413,10.7326766448988,1.32946231379225,0.00400000000081491,0.02856409845304475,0.0,0.6577201327161268,0.6920337200824718
DTLZ1_5_100uniform.csv,0.759900344642327,201.513502617571,2.24874538337383,240.682793436752,107.029811029851,0.749557208649986,0.762441260955704,3.3192280834847,1.38182471801453,0.00399999999990541,0,0.0,0.8261201972072303,0.7604829867264764
DTLZ1_5_500normal_noisy.csv,0.579428649840606,205.027457339432,0.952155118537903,222.328161597119,233.499938474855,0.576954493077913,0.584228168098042,2.10260255113846,0.582614506282529,0.00500000000010914,0.2279152965531942,0.0,0.5515529667821677,0.4851923840329372
DTLZ1_5_500normal.csv,0.69055969022107,221.391083697066,0.467347213306937,258.358682299078,552.819563148646,0.688979792185149,0.695943656610153,7.54280117483452,0.702426053463819,0.00500000000010914,0.1803982013507549,0.0,0.7005323011538571,0.7588370715976319
DTLZ1_5_500uniform_noisy.csv,0.631288317032311,208.268286209326,0.410069061269478,192.064915515853,468.372119860165,0.632395673664338,0.636068006422652,7.14189148831128,0.651039223134782,0.00500000000010914,0.25828798721062607,0.0,0.7180992289712935,0.6855546093183955
DTLZ1_5_500uniform.csv,0.707627338507073,225.006692274431,1.04731224801622,214.175901992288,204.500522549957,0.707491334507712,0.709882955885631,23.0341682140732,0.703315020483657,0.00500000000010914,0.23396095954541196,0.0,0.6120264695663034,0.6354231050918192
DTLZ2_10_1000normal_noisy.csv,0.670112439912787,0.348410567792427,0.00777616968390679,1.8408635344601,236.731399813698,0.671682521876491,0.749115546662527,3.37303136639523,0.752580683395319,0.0189999999993233,0.6774551610982902,0.1700295706172842,0.6686759616738197,0.7317861232606124
DTLZ2_10_1000normal.csv,0.825300157104507,0.222609928512442,0.0080696937599808,2.15894212230413,267.537057355355,0.828640241138968,0.969522249667206,3.63747554302966,0.992378431669426,0.0219999999999345,0.9421183461337083,0.9749671047700161,0.9466518899006336,0.9699969566291774
DTLZ2_10_1000uniform_noisy.csv,0.745453945098824,0.296887855187937,0.00668870401216239,1.59377978088219,238.279310608475,0.74436226922624,0.815047440941064,3.01083901621185,0.830286008107495,0.0190000000002328,0.7966461052150993,0.34654854809979674,0.7876322141244734,0.8157073310927224
DTLZ2_10_1000uniform.csv,0.873290641240892,0.20977097216829,0.00346372867483398,1.8179674175323,524.858494471839,0.87536154323635,0.985055820204764,2.45412331303198,0.999981998717339,0.0189999999993233,0.9572060205085969,0.9940710197175983,0.9695049125945415,0.9731615954535411
DTLZ2_10_100normal_noisy.csv,0.689660568752898,0.412305620735762,0.00503141966663441,1.87384430468256,372.428544792011,1.51609322633392,0.746067935168508,7.65324459772277,1,0.0069999999996071,0.6812778351344435,0.3612390605050785,0.6749319495792722,0.7411368967231615
DTLZ2_10_100normal.csv,0.806307854435167,0.282348466710608,0.00283361677154522,2.12439390058268,749.711083698946,1.26756337481418,0.96508913646951,3.78100525013984,1,0.00600000000031287,0.7903732566543432,0.852161519246717,0.8966200102274973,0.9400158492311586
DTLZ2_10_100uniform_noisy.csv,0.737848940890544,0.394127926523711,0.00585828151394237,1.55273529445196,265.049620909569,1.26663384799991,0.810246277495082,8.02045535657113,1,0.00700000000051659,0.6406779742919978,0.6988889048483728,0.5305248847987571,0.7863210703932019
DTLZ2_10_100uniform.csv,0.852071829195178,0.253590706583008,0.00336809693199386,1.79014934287084,531.501729022714,1.19899179809958,0.980708465670474,3.73913974445271,1,0.0069999999996071,0.80414707268773,0.7837174904683369,0.8913212759666942,0.942606785244843
DTLZ2_10_500normal_noisy.csv,0.689433696077004,0.449862400462155,0.00412401834759756,1.84435509909822,447.22281610911,0.687023522965513,0.767536270765089,12.74097331041,0.581415500000162,0.0119999999997162,0.6674415344216286,0.12360804935217828,0.692902374605745,0.7193682793909952
DTLZ2_10_500normal.csv,0.832932166061779,0.305007803407072,0.00125397153916605,2.14578423951323,1711.19054339963,0.837800005961034,0.968118436934582,3.86573519720586,0.985880730492596,0.0359999999991487,0.8975861968457359,0.9646094832915862,0.916763000965806,0.9518346741197259
DTLZ2_10_500uniform_noisy.csv,0.776337402605906,0.327471284812758,0.012222860248128,1.59461173336895,130.461422367419,0.786099754720061,0.831593477342726,4.85277837093964,0.663220924351324,0.0109999999995125,0.7716354545017015,0.6158555064863496,0.7832998776641844,0.7959378734722482
DTLZ2_10_500uniform.csv,0.871213365868849,0.255947046964928,0.0007110259697878,1.79565359506555,2525.44023898515,0.873472917673651,0.984406250353863,2.48746581685306,0.999968447380769,0.0119999999997162,0.9467819887714246,0.9775424450964351,0.9455203754769284,0.9649535576396749
DTLZ2_20_1000normal_noisy.csv,0.661956711235987,0.590941840430156,0.0131178822907104,2.64726644952361,201.805931083732,0.641726327749403,0.734833614057739,19.4731527390894,1.01119114686297,0.148000000000138,0.6527497491405582,0.5551742788104407,0.6624443287943726,0.6872994787635154
DTLZ2_20_1000normal.csv,0.836554590196079,0.364294019062194,0.00204087340660619,3.19201557237026,1564.04388534726,0.82929778500852,0.968447282533988,6.28561783011206,1.00029773751953,0.152000000000044,0.8922024416970151,0.8345929746577436,0.9147731716122465,0.9518363234688686
DTLZ2_20_1000uniform_noisy.csv,0.762322579916283,0.461774090326551,0.0038096684742286,2.39481409933349,628.614829750614,0.749324520425449,0.824902624652216,6.40328554386154,1.00779473966003,0.144999999999527,0.7458765670962242,0.6972325218267125,0.7326917214549903,0.7607509287974473
DTLZ2_20_1000uniform.csv,0.879618713671948,0.317588135205875,0.00117193160421901,2.67925176367271,2286.18441044448,0.873268314526012,0.984996365740319,4.15796794457692,1.00000097973729,0.222999999999956,0.9276059935020065,0.8547931334689506,0.9289473011556993,0.9540986524319214
DTLZ2_20_100normal_noisy.csv,0.749740364361014,0.505326562846862,0.0130105760559902,2.62644573178393,201.870057135148,1,0.669384288532943,1206.50685513248,1,0.0160000000005311,0.6162284937528772,0.07279239907411739,0.5523521194550796,0.8726813588449867
DTLZ2_20_100normal.csv,0.847783289276947,0.0179240524876768,0.00667927626446372,3.24218384173922,485.409453564433,1,0.945576871233773,28.394164163314,1,0.0479999999997744,0.4565144744578158,0.5966478682143633,0.754548704793206,0.9630188000022794
DTLZ2_20_100uniform_noisy.csv,0.809592640441049,0.216096072455048,0.00280774889234473,2.52066360184217,897.752505117075,1,0.743531053830793,65.8042941769485,1,0.0159999999996217,0.6384174126723063,0.25721028211640684,0.734614813922024,0.8312425954466836
DTLZ2_20_100uniform.csv,0.897274574285861,0.146656058488345,0.00196603160958636,2.68207065143947,1364.2052540568,1,0.975610690974363,8.89325711728996,1,0.0160000000005311,0.7526984995799361,0.6167399849977737,0.8505086086561401,0.8707048517175506
DTLZ2_20_500normal_noisy.csv,0.675432945392478,0.454705358800428,0.00334219274115511,2.64436994451483,791.208092804636,0.37815066050271,0.765494333640507,96.6740006658338,1,0.100000000000364,0.7120499078230936,0.4935591725261077,0.6903397945843313,0.7594138991848892
DTLZ2_20_500normal.csv,0.828190001474396,0.441543584106772,0.00198251758539371,3.12384197834711,1575.69446110449,0.663161448711428,0.964882171815827,8.15736540458413,1,0.0559999999995853,0.8830142020363972,0.7795174794203332,0.9135615281714069,0.9356015955173291
DTLZ2_20_500uniform_noisy.csv,0.77552882320984,0.458707929273194,1.47518143210821e-05,2.30999228810814,156590.385279382,0.529258322331492,0.833754001410207,7.4004549842963,1,0.127999999999702,0.7851422761225547,0.5733296215601194,0.7918765511968253,0.833358099202464
DTLZ2_20_500uniform.csv,0.876782068864734,0.330477493494744,0.00610464056186786,2.63223342180003,431.185652148312,0.747985524891571,0.981647506011243,4.75407282282323,1,0.0889999999999418,0.8691017340049481,0.7072218528696612,0.8912810925237211,0.9420563091824973
DTLZ2_5_1000normal_noisy.csv,0.689727769223693,0.284686648740297,0.0242797949875618,1.4139233031473,58.2345651547564,0.690179404618537,0.752763982740937,2.30379629371134,0.76866303750419,0.0069999999996071,0.7590551351256718,0.0,0.7589483409987015,0.7503708767470119
DTLZ2_5_1000normal.csv,0.85453541991739,0.154145653038172,0.0154340615658433,1.65810045748712,107.431245522346,0.855295530685638,0.968682829144209,2.54184261929564,0.991100724325106,0.00700000000051659,0.9688923911749067,0.9940474286062023,0.9802385736122255,0.9897017007776141
DTLZ2_5_1000uniform_noisy.csv,0.758934677071116,0.216814553875784,0.00314611713502837,1.22985100630179,390.910749192657,0.758369708073846,0.803039561261506,2.28316335461349,0.814116788593114,0.00599999999940337,0.8107249595444915,0.0,0.8218889536596937,0.8019669348109447
DTLZ2_5_1000uniform.csv,0.895736257446637,0.137074066836221,0.00940793995778315,1.38931471734813,147.674700687131,0.895591015891809,0.987907416278815,1.70374363763312,0.999985651986438,0.00600000000031287,0.9776617372603416,0.9999988904164159,0.9884259896774588,0.9916109132899024
DTLZ2_5_100normal_noisy.csv,0.725601021395807,0.117538228295382,0.011276423123647,1.45970019169316,129.44709290237,0.71898445913278,0.760897160315529,3.23240072768235,1.2027507081679,0.00399999999990541,0.7459441582187063,0.08293346771147103,0.7473217270400634,0.7337979567436719
DTLZ2_5_100normal.csv,0.880308045488469,-0.0394755009717775,0.0307503924798847,1.69419408199811,55.095039294421,0.878706088279046,0.971497170034578,2.67559875778736,1.00874522267459,0.00500000000010914,0.8903901105640725,0.9640547211202924,0.9785099768622442,0.9539495469589307
DTLZ2_5_100uniform_noisy.csv,0.799238808925689,0.209901010040937,0.00682489399114855,1.20203179368785,176.124610176628,0.793071593303843,0.84098042522812,2.55974748215065,1.22134975020666,0.00399999999990541,0.5970256004666117,0.0,0.6187921057034329,0.6252958548429655
DTLZ2_5_100uniform.csv,0.910534689516069,0.0543659749332438,0.0108021969429461,1.41782152812428,131.25307153839,0.90674439213311,0.987427669661646,1.75292776411239,1.00001220809307,0.00400000000081491,0.957930356801723,0.9974993805078447,0.9847097083847115,0.9767872614412835
DTLZ2_5_500normal_noisy.csv,0.681680903281993,0.300702376816041,0.00676769722324913,1.39651538109523,206.350156490124,0.682717655704794,0.755982511129479,3.54468053275985,0.766436795473962,0.00500000000010914,0.7208451236667623,0.0,0.734655266779568,0.6986175139794288
DTLZ2_5_500normal.csv,0.853936392790553,0.161238667234755,0.0143692015749851,1.64897059560176,114.75728745238,0.853457450417403,0.967850651891279,2.93046178960784,0.991955808061161,0.00599999999940337,0.9625151971244701,0.9736918906298938,0.9833204971339468,0.9866869171289053
DTLZ2_5_500uniform_noisy.csv,0.768996113138892,0.252100298679918,0.00334175534361771,1.23031839678262,368.165311423039,0.767845082612638,0.816096969224182,3.20453444994812,0.835651168641041,0.00600000000031287,0.798437509801041,0.0,0.8076462847107463,0.800965540102042
DTLZ2_5_500uniform.csv,0.896004061339967,0.147513317831195,0.00248686830915127,1.38282609703794,556.05119577477,0.895881682512281,0.987111612043765,1.79307647050379,0.999983192979616,0.00600000000031287,0.9791913008925537,0.9999750253213516,0.9873393041692025,0.9869112267281581
DTLZ3_10_1000normal_noisy.csv,0.613411036247345,213.782978914299,3.27227745242797,1023.3602855821,312.736404678272,0.612823399928029,0.65599440146747,1557.89954277254,0.66221767493434,0.0190000000002328,0.003155053441082356,0.0,0.6574793043694888,0.6352837242998376
DTLZ3_10_1000normal.csv,0.708035823899388,124.43437415788,0.28426602606004,1178.79175644127,4146.79085214457,0.707400492488616,0.784780909127058,136.254231687295,0.779124705253045,0.0199999999995271,0.06234176455654761,0.048355175893163294,0.7582033978094234,0.7660457789429529
DTLZ3_10_1000uniform_noisy.csv,0.663453426785284,152.953690027231,7.08772853394298,881.645016455908,124.390347659864,0.663518977540541,0.693977783083817,72.3880017889851,0.685641617704758,0.0189999999993233,0.07800147348127628,0.0,0.6713268469434568,0.6642796672320912
DTLZ3_10_1000uniform.csv,0.751536517358652,109.452626078323,0.768736822384358,993.901552301492,1292.90223046523,0.749683408875394,0.798502636841124,489.420746524794,0.785690500412484,0.0200000000004366,0.08469866333927079,0.1633561311519397,0.8071673640284103,0.8093358440576262
DTLZ3_10_100normal_noisy.csv,0.510539523730875,364.583720464255,4.66871783036135,922.680233842842,197.63032750502,1.8386144018884,0.545023695331789,19.8240828145537,1,0.00700000000051659,0,0.0,0.4172389057415924,0.3923795210050932
DTLZ3_10_100normal.csv,0.666227389067353,224.893394206379,1.35162899348429,1111.77291215776,822.542959286323,1.48390465549226,0.774748460135617,59.4829934527996,1,0.00800000000072032,0,0.566754374462737,0.47774123990450557,0.7670443402441353
DTLZ3_10_100uniform_noisy.csv,0.714913689173559,219.374979231596,4.25245742774117,843.913339758041,198.453095439056,1.50078449267693,0.710307207696824,36.6005271976085,1,0.00700000000051659,0.010357600612738604,0.34441249458132706,0.77701924718578,0.7359129704139533
DTLZ3_10_100uniform.csv,0.712916175911428,192.848349684214,5.28144918049295,945.139559822948,178.954587561653,1.38758955599255,0.792173135755338,28.6652488449687,1,0.0069999999996071,0,0.7090715400322549,0.680837558214527,0.7374953735492809
DTLZ3_10_500normal_noisy.csv,0.619024405258652,242.499957612651,9.08407226907977,1045.37942197038,115.078281084204,0.616899981402764,0.656060502354133,59.048098192154,0.270287629643369,0.0140000000001237,0.02610973090885549,0.0,0.6627706968615665,0.6757654294787296
DTLZ3_10_500normal.csv,0.724339365237502,139.44582374575,2.99504049177115,1240.30046710892,414.118096405254,0.718949020666061,0.789845385415817,585.861251731356,0.563962957486902,0.0119999999997162,0.031754508505883905,0.24043169830880506,0.8135135052129437,0.8197366036574906
DTLZ3_10_500uniform_noisy.csv,0.713546762446077,198.795385032372,1.73148422962079,954.115704789247,551.039211600677,0.702228784050191,0.726639695101325,45.0018634082858,0.469630728032831,0.0389999999997599,0.03477637865278105,0.0,0.7133767906298486,0.7512051758010619
DTLZ3_10_500uniform.csv,0.772614543583021,109.577354366261,4.05518632286634,1047.92838904599,258.416828626824,0.766440692434137,0.807879083461658,66.1145906731682,0.577611312068763,0.01299999999992,0.02193633449345178,0.3331945837475142,0.8107109501992161,0.8104252300070003
DTLZ3_20_1000normal_noisy.csv,0.700285859185211,544.899021007424,8.29816311210404,2213.87194183088,266.790603163927,0.682886344107435,0.729752297066067,329.585002685315,1.01274971040602,0.16399999999976,0,0.5103748533198489,0.7416853310564608,0.7308233564822866
DTLZ3_20_1000normal.csv,0.821127488842407,403.126350623964,3.82814258283421,2604.58844146498,680.379161723033,0.812509913472557,0.880573007367756,385.660609400471,1.00524608733918,0.148000000000138,0,0.8175040255763038,0.8809075567425927,0.896546703060893
DTLZ3_20_1000uniform_noisy.csv,0.766257600876431,414.188237723502,0.688866874638726,1926.94566716596,2797.26858426244,0.740037220804383,0.781006702118188,56.3596650795413,1.01062127600895,0.229000000000269,0,0.6161777194489574,0.7382457457365501,0.7615632232957219
DTLZ3_20_1000uniform.csv,0.862324523213975,338.814441754372,1.2456737188729,2183.12664685697,1752.56699549886,0.85222262712273,0.896845149483888,240.066025999004,1.00477515224158,0.177999999999884,0.022964223926104088,0.8030982540554279,0.8738054822414454,0.881794027161318
DTLZ3_20_100normal_noisy.csv,0.575856997428371,603.730851586449,1.92582374708013,2017.42272174513,1047.56352953061,1,0.383691326883413,575.640991749047,1,0.0169999999998254,0,0.3750907484831322,0.4942616541224446,0.5709447880511328
DTLZ3_20_100normal.csv,0.701117051646127,96.1875533523926,3.26745959285866,2512.60578410598,768.978379900248,1,0.681676133692727,1197.24109426178,1,0.0180000000000291,0,0.409126749721612,0.7052086919022537,0.8702932264830818
DTLZ3_20_100uniform_noisy.csv,0.718749667454835,-85.5547844462739,12.1666728382587,2205.22168406952,181.25100538046,1,0.486410591867427,3905.7094587396,1,0.0209999999997308,0,0.2760807222874475,0.8127495730096153,0.7139942651160102
DTLZ3_20_100uniform.csv,0.780894532489876,137.225829400734,2.40930718456704,2121.07994216792,880.369242973508,1,0.694080660780542,78.729058618763,1,0.0159999999996217,0,0.6612352932804852,0.7407157198570384,0.9252920865067792
DTLZ3_20_500normal_noisy.csv,0.678558074745274,413.88877118613,10.7680937569449,2158.10337817116,200.416473600937,0.294760968041136,0.701455146239209,176.215677285362,1,0.056999999999789,0.006838693904221205,0.5273037054564439,0.661375520708085,0.7073070131861019
DTLZ3_20_500normal.csv,0.81765501396364,305.162550846894,1.64812256479492,2551.79411923698,1548.30361148202,0.61667357782345,0.872446548515445,172.082712989853,1,0.0560000000004948,0.00495963852057324,0.6984834176118621,0.8626777224417201,0.8802534401403818
DTLZ3_20_500uniform_noisy.csv,0.754647691543352,228.226497781564,1.87017295395587,1924.22071222667,1028.89987161694,0.4805201614276,0.777031252355554,66.6022149814444,1,0.0560000000004948,0,0.5483519991983293,0.7387594493496782,0.7783695780553124
DTLZ3_20_500uniform.csv,0.854628023199497,210.557528995778,1.21865321723133,2136.85422004455,1753.45552765149,0.671440734814235,0.886444454326852,81.6443883726818,1,0.056999999999789,0,0.7460654077139812,0.8632898720999254,0.884416661383437
DTLZ3_5_1000normal_noisy.csv,0.495809153250648,60.5265830544914,1.5060181342834,463.601972637309,307.832928491199,0.494006788357815,0.517529016551048,20.5456417072207,0.515068650163227,0.00799999999981083,0.1544381655160567,0.0,0.5162735249026682,0.47963283623237096
DTLZ3_5_1000normal.csv,0.595313369344333,45.1516104661446,7.21282194411526,538.435309689573,74.6497437287867,0.595130149623804,0.632851885066448,12.1277089732579,0.632463415099391,0.00700000000051659,0.1696643887140249,0.0,0.6441306323751737,0.6955426374975313
DTLZ3_5_1000uniform_noisy.csv,0.555875931598077,50.1230676313644,8.33094044223606,406.018223600788,48.7361812770097,0.554600255246952,0.566020347078794,214.537734015155,0.564295119217693,0.0069999999996071,0.19893245924785907,0.0,0.5473237003682303,0.5401436257599501
DTLZ3_5_1000uniform.csv,0.617615786294946,34.3915872834931,7.54102939897904,448.645240576192,59.4938988882516,0.617237347817926,0.637659585507631,7.63838465575719,0.633383328988778,0.0069999999996071,0.23221659497517833,0.0,0.6376272327716799,0.7275753307474991
DTLZ3_5_100normal_noisy.csv,0.475544320891411,88.1242922845965,10.2245731638267,423.389816146824,41.409045577054,0.411579036170979,0.46609272983502,2.83604610288464,1.88033531148227,0.00399999999990541,0,0.0,0.38101223404095197,0.3248395188886608
DTLZ3_5_100normal.csv,0.5387756165456,83.3822733510881,3.61062255658794,531.351304715606,147.163348255858,0.503145026837519,0.569386107782786,5.58528685001273,1.60991911291987,0.00500000000010914,0.01545844152648046,0.0,0.7334327840679019,0.6488886139985045
DTLZ3_5_100uniform_noisy.csv,0.498484118144898,106.741604776718,8.68389344332429,377.804208825648,43.506315605022,0.470704372758776,0.515852758384234,5.96818539071747,1.69204320356505,0.00399999999990541,0.02412184179174859,0.0,0.3559052478587398,0.5392804346081848
DTLZ3_5_100uniform.csv,0.564586166068836,59.6176853137936,0.12627309375444,443.502975862121,3512.25239420038,0.531424244659395,0.582800158196569,4.42886511670438,1.6003130760689,0.00399999999990541,0.012592417488321295,0.0,0.42849548146177585,0.4489761211132042
DTLZ3_5_500normal_noisy.csv,0.492999085219674,99.0015287239153,3.80684605895682,449.860587503799,118.171468070099,0.493663420976036,0.509802551092449,13.9250595743721,0.51745454004359,0.00500000000010914,0.06176914538854217,0.0,0.5422605106864217,0.5328134654052783
DTLZ3_5_500normal.csv,0.587508889913031,43.3769905924434,0.222561274042828,541.410941731166,2432.63768173335,0.586147962692489,0.618200324194596,13.1044101524567,0.617606077127587,0.00499999999919964,0.019724798167748414,0.0,0.61541908474504,0.6134064813423779
DTLZ3_5_500uniform_noisy.csv,0.544702273746895,63.4414513862931,3.72388342877254,402.013777017437,107.955521354746,0.541230823016164,0.550994861767325,25.6361381616474,0.535083567726206,0.00600000000031287,0.12018833806584561,0.0,0.5926148790085534,0.5532605626124643
DTLZ3_5_500uniform.csv,0.607753039552126,45.7678467927864,0.0627770695060754,450.614724078182,7178.01464170883,0.605395123614469,0.623274444398262,18.9425583169525,0.614642282260645,0.00500000000010914,0.14270663955656304,0.0,0.6046090443138816,0.6218650789635335
DTLZ4_10_1000normal_noisy.csv,0.0789280025034222,-0.0277857999248269,0.0049273749219214,0.208189936493532,42.2516938111033,0.12119648098505,0.178372435455042,122.370901858565,0.277935235039767,0.0190000000002328,0.014599740481660017,0.0,0.0,0.0
DTLZ4_10_1000normal.csv,0.125451909084127,-0.0531413734962187,0.00228694903710423,0.241713793535355,105.692689086512,0.168376285754007,0.404540014783123,50.3363947510073,0.758685205869099,0.0200000000004366,0.18073754122529762,0.0,0.9280059171182024,0.9798177204049902
DTLZ4_10_1000uniform_noisy.csv,0.0328478426806025,-0.00360034851430204,0.000855326359625281,0.119467717638392,139.675009771394,0.0460363450834232,0.0732663461863732,31.8874436288088,0.0682598979357658,0.0219999999999345,0.021798461463846786,0.0,0.0,0.0
DTLZ4_10_1000uniform.csv,0.0632772800247274,-0.0281214450112408,0.00164110948839597,0.141442494703618,86.1871165231427,0.0859338268251928,0.161526463128961,39.4984562709068,0.303697942365131,0.0360000000000582,0,0.0,0.703469041948585,0.9011238612832865
DTLZ4_10_100normal_noisy.csv,0.00157174832503348,0.0333990354668767,0.00118063997910476,0.130325062691405,110.385100452236,2.21196417991321,0.0350482967289091,7.40047652118536,1,0.00800000000072032,0,0.0,0.0,0.0
DTLZ4_10_100normal.csv,0.0995443511930502,0.0486204370613459,0.00883069490053145,0.181631822471112,20.5682366469462,1.54331527450078,0.386648800026629,138.409568961712,1,0.00799999999981083,0,0.0,0.9952648393943823,0.9282375886717732
DTLZ4_10_100uniform_noisy.csv,-0.0218682418792455,0.0478350503038271,0.00529178871450339,0.129279585890099,24.4302244221841,2.21049517274255,0.128814049871904,53.0428932531049,1,0.00700000000051659,0,0.0,0.0,0.0
DTLZ4_10_100uniform.csv,0.0380857586529582,0.0664493194374752,0.00156843037986271,0.108606516342088,69.2453536583464,1.74870511897268,0.109070456803198,14.7122005629942,1,0.00799999999981083,0,0.10318070466758911,0.0,0.3599192630021407
DTLZ4_10_500normal_noisy.csv,0.0874924896548951,-0.0974566724508634,0.00141026300783881,0.214868486946699,152.36057795771,0.0946723676484273,0.202717776175648,59.0546302969239,-0.171077105427508,0.0119999999997162,0.04580306851098348,0.0,0.3284804156582287,0.2005754135439456
DTLZ4_10_500normal.csv,0.125467923761803,-0.0589773056963871,0.00023238588817576,0.229193837245883,986.26400701465,0.194835186781483,0.401398641538788,673.826772826456,0.693364864864833,0.0119999999997162,0.14436521158889037,0.0921591582743636,0.9591454736241788,0.8546644150629434
DTLZ4_10_500uniform_noisy.csv,0.032150006408793,-0.0528947940022332,0.000707742856799901,0.116990899695664,165.301420666604,0.0410535734759204,0.12013872265573,225.824053368117,-0.616868560389287,0.0119999999997162,0.005822499562324612,0.0,0.06479899037726822,0.5099258540533935
DTLZ4_10_500uniform.csv,0.063930167662629,-0.03496726332256,0.00252082280078762,0.133228799088398,52.8513146766091,0.0849184803437645,0.154126246142193,66.4451502857509,-0.179697617469057,0.0119999999997162,0.024505495838977542,0.0,0.38244003000674365,0.9897172085223376
DTLZ4_20_1000normal_noisy.csv,0.111231268065183,-0.199434143902557,0.00109595606792744,0.334412201388218,305.132852652227,0.128084571087982,0.256673773932866,283.84408701277,1.02109501951121,0.176000000000386,0.09440933651243388,0.0,0.17517355836951487,0.5061242071607399
DTLZ4_20_1000normal.csv,0.140186505191434,-0.204778469241282,0.00455109648313399,0.358447737306661,78.7607423035395,0.213771367163406,0.413739138920188,43066.6045243587,1.00749281160901,0.145999999999731,0.16915250908017032,0.1532848918928409,0.5625414515640632,0.9271986711680579
DTLZ4_20_1000uniform_noisy.csv,0.0589315806294088,-0.198105118458998,0.00481739073371595,0.183960842552997,38.1868220207866,0.0847054336343256,0.122825645145469,123.430972552563,1.0309405547052,0.173000000000684,0.024633279541568687,0.0,0.055951562214575756,0.0
DTLZ4_20_1000uniform.csv,0.0763248878204935,-0.159236936980883,0.00681693351661085,0.21117587820879,30.9781337450653,0.0697215139043774,0.169235776716511,483.728868172352,1.02704131499923,0.146999999999935,0.06608131419203767,0.03417130905373944,0.5410499934345804,0.9783596121012595
DTLZ4_20_100normal_noisy.csv,-0.000401947207477882,-0.114237906370821,0.00947371560838081,0.264429262443469,27.9118851962946,1,-0.224050609033507,14.9044010557564,1,0.0180000000000291,0,0.0,0.025300916371133297,0.5058326991869382
DTLZ4_20_100normal.csv,-0.0499689112193622,-0.201296026667984,0.00154450846503289,0.360423625098694,233.358141608514,1,-0.162604240399566,478.043027779576,1,0.0180000000000291,0,0.0,0.0,0.5948891700790422
DTLZ4_20_100uniform_noisy.csv,-0.134419210869412,-0.127065824112091,0.00228361214415279,0.145367392944557,63.6567787208402,1,-1.13180381026343,51.2568358715091,1,0.0180000000000291,0,0.0,0.08496992200251796,0.010262293429941227
DTLZ4_20_100uniform.csv,-0.122405669138442,-0.11850278107501,0.0118810643514119,0.195101695618564,16.4212304426563,1,-0.877906909224796,144.615064167645,1,0.0180000000000291,0.0012178948831521597,0.0,0.0,0.9120801385012745
DTLZ4_20_500normal_noisy.csv,0.100873465474519,-0.196693304892031,0.0040134821454247,0.323655821275937,80.6421480272185,-0.575268472223059,0.294275252261731,270.021957525181,1,0.0560000000004948,0.06623105651338623,0.026814304187933957,0.0,0.04149682042121594
DTLZ4_20_500normal.csv,0.113565351371157,-0.212734711740259,0.0039569483785491,0.351559849553398,88.8462056920501,-0.596728262631372,0.401252558565666,206.072216624345,1,0.0559999999995853,0.11746141807524413,0.0,0.11805962834589445,0.9932121032492895
DTLZ4_20_500uniform_noisy.csv,0.0258739554896862,-0.150468191984605,0.000376506793560184,0.16526780004278,438.950379832554,-0.991309163925819,0.0809005441136493,35.7743441305529,1,0.056999999999789,0.01188577252725187,0.0,0.0,0.0
DTLZ4_20_500uniform.csv,0.0470009099207682,-0.188486406604176,0.00197080522782074,0.205676554363879,104.361684990713,-0.872854833026451,0.145289914425768,291.110970487327,1,0.0649999999995998,0.020577465337721645,0.0,0.02408682910931148,0.9637652833844821
DTLZ4_5_1000normal_noisy.csv,0.0505656434331407,-0.0419778843309771,0.00624351256319268,0.146983170573245,23.5417433833246,0.0581543479075053,0.136934233217755,69.9628548450255,0.211906123110467,0.0069999999996071,0.07099506373859266,0.0,0.0,0.0
DTLZ4_5_1000normal.csv,0.124455739627233,-0.0482750792397426,0.00294613246410346,0.185501388424431,62.9643747131654,0.128301009715352,0.40933135419823,53.5111753309892,0.74078158191509,0.00600000000031287,0.24997548500004818,0.49111041469032146,0.9703043476327741,0.987241479538688
DTLZ4_5_1000uniform_noisy.csv,0.0316395356015964,-0.028905133584475,0.00230285697122214,0.10083667159281,43.7876398112973,0.038263099422265,0.0687016098278692,35.0018051257778,0.0950780872966746,0.00700000000051659,0,0.0,0.0,0.0
DTLZ4_5_1000uniform.csv,0.0600869032829958,-0.0321848424884011,0.00300607848309651,0.108063676371247,35.9483882336741,0.0606550725116384,0.155717626771894,71.4217796818855,0.287734719986164,0.00799999999981083,0.044455368228120906,0.0,0.9585009007256293,0.9885011487094953
DTLZ4_5_100normal_noisy.csv,0.0484755777813627,-0.0302087750977622,0.00673997958459035,0.157882081200544,23.424712080955,0.105225979907489,0.218004892556939,23.5864511082597,2.00506847214578,0.00399999999990541,0.20414632970269253,0.0,0.6630680889388736,0.6257157312259652
DTLZ4_5_100normal.csv,0.108351862376114,-0.0273159067806095,0.0121309565894175,0.18326736745603,15.1074126846603,0.144510562069968,0.393641554496296,560.832107537079,1.32181728533715,0.00400000000081491,0.1339736093053564,0.35779951012881206,0.3029831884387796,0.8257913265547668
DTLZ4_5_100uniform_noisy.csv,0.0239246870262004,0.032892673982,0.00245704925641847,0.101361498701302,41.2533442040362,0.0395976400883508,0.0591409309326939,240.631009042041,2.14019911919447,0.00399999999990541,0,0.0,0.0,0.0
DTLZ4_5_100uniform.csv,0.0379932237747165,0.00856670428204487,0.00536908495117055,0.104012551480086,19.3724912952644,-0.00159356104418285,0.120491287949189,11.9357125964244,2.39340841110844,0.00399999999990541,0,0.04378313323074767,0.0,0.9978463491105133
DTLZ4_5_500normal_noisy.csv,0.0478855895114996,-0.0272141798001441,0.00973878442839645,0.139064936588073,14.2794963386382,0.0385426864369081,0.200018094880147,49.2204966971767,0.345087089588151,0.024000000000342,0.04331621731710311,0.0,0.2556672886582967,0.1838368794246561
DTLZ4_5_500normal.csv,0.117820008865184,-0.0570519776497645,0.00115613440732773,0.18889723884035,163.386919066758,0.110497015173472,0.409030544606059,20.760575779548,0.748617105831127,0.00500000000010914,0,0.4407240376792769,0.8329963923273449,0.9535147560682207
DTLZ4_5_500uniform_noisy.csv,0.0184471571338654,-0.00923528522367501,0.00944912667176399,0.0836328200009758,8.85085182008286,0.00419534378430675,0.0822298952958227,21.911878755042,0.0692322913434578,0.00500000000010914,0,0.0,0.0,0.2072779268616931
DTLZ4_5_500uniform.csv,0.0541260225947285,-0.0363081778127239,4.87914214321659e-05,0.110033950826107,2255.19051497783,0.0431105230180934,0.156423293275056,29.1527056212941,0.302777501036142,0.00500000000010914,0.10223688588481583,0.0,0.957235664588661,0.9893991504286274
DTLZ5_10_1000normal_noisy.csv,0.691330418729624,0.37343952078771,0.000190033450811636,1.81237365778826,9537.12964768878,0.687705890395949,0.77378746477708,4.07626220453972,0.773969597590464,0.0180000000000291,0.7345094214167041,0.0,0.7092814471408959,0.7342464702603817
DTLZ5_10_1000normal.csv,0.84224706244389,0.25682385345929,0.000531709105348137,2.19015623912393,4119.08733007293,0.840706313430184,0.969175712676164,3.54095507670844,0.992212916438239,0.0190000000002328,0.9398136615694104,0.9827193591695428,0.9290629149249322,0.972292770187089
DTLZ5_10_1000uniform_noisy.csv,0.772747602377895,0.280165445647357,0.00676551012788902,1.64559106243421,243.23236996582,0.769062983773769,0.826995148040873,2.79975513758781,0.836236904700363,0.0219999999999345,0.7984136421399315,0.30327881155562164,0.7808895921475745,0.8121083258529265
DTLZ5_10_1000uniform.csv,0.879044249391643,0.21644463549075,0.002031889004961,1.83213312506353,901.689570931406,0.877777219891442,0.984175749584539,2.29585580772434,0.999981553599561,0.0199999999995271,0.9595972246087834,0.9919514979595566,0.9408471349671703,0.975046258477306
DTLZ5_10_100normal_noisy.csv,0.715807823404879,0.443253992113817,0.0107479889351546,1.9789655979209,184.124268257114,1.49487097214099,0.788983978437005,46.1963866320027,1,0.00900000000001455,0.6107460567408037,0.5532925927057386,0.5924779713877357,0.6909421735619086
DTLZ5_10_100normal.csv,0.840008481621215,0.337417840745018,0.00568431479157619,2.2275073233675,391.869100330004,1.21150430950333,0.963111077895756,4.94985250663057,1,0.00799999999981083,0.7687696435745076,0.6476558623581803,0.8829092652125969,0.91577201314426
DTLZ5_10_100uniform_noisy.csv,0.786692702897958,0.273474628305185,0.0217524966183144,1.76290337178429,81.0437258176617,1.27614694003053,0.83623345799123,6.99505219767132,1,0.00900000000001455,0.728629285722532,0.3359457408212081,0.7500367818874571,0.7940271750928094
DTLZ5_10_100uniform.csv,0.888661913122376,0.288858626494046,0.00342033086693703,1.86812663266128,546.18301718109,1.15579549539082,0.982609214277331,3.27949339699649,1,0.00799999999981083,0.9036923491801606,0.7352200053900331,0.9268443104924566,0.9614364161007423
DTLZ5_10_500normal_noisy.csv,0.710754623216153,0.307301516704277,0.0013468868550199,1.87449117127091,1391.72133448672,0.717773899496735,0.790280617089152,10.0974889840032,0.613743321773635,0.0119999999997162,0.7433391188176859,0.3759398928722769,0.7559100584949532,0.782802315691579
DTLZ5_10_500normal.csv,0.834040229302804,0.173986502377625,0.00092112287813289,2.17587041804622,2362.19343770583,0.835883372735494,0.968346798996864,4.06109037234319,0.985179073097072,0.0119999999997162,0.8971227523356962,0.9475186471586267,0.9417171096266707,0.9567029488643769
DTLZ5_10_500uniform_noisy.csv,0.731783164499515,0.288823234792597,0.0130764548738349,1.59318224335254,121.835945500825,0.736000895448048,0.825698419071135,2.55320806281382,0.662368110290904,0.0120000000006257,0.7511088058438494,0.6074717109822613,0.7483640969443532,0.7558595064748196
DTLZ5_10_500uniform.csv,0.87718481674732,0.134312516616242,0.00174000741230464,1.82659901063365,1049.76507439949,0.875962117021463,0.985556706764422,2.37707737620606,0.999963511020361,0.0120000000006257,0.9572097062897368,0.9851141525582428,0.9493121177031267,0.9728080863797481
DTLZ5_20_1000normal_noisy.csv,0.713495427170674,0.571408820419598,0.0046064050703433,2.74699089775984,596.341584339894,0.698109690307142,0.774510601393275,9.83211400324469,1.01030438841674,0.177999999999884,0.7587506845227509,0.5403899887149357,0.7449405593899907,0.7823340543898839
DTLZ5_20_1000normal.csv,0.851502193712245,0.378574813482341,0.00695461579691868,3.24699722733764,466.883767867703,0.845784147001702,0.967671731660145,6.11160567602384,1.00024900533952,0.146999999999935,0.911117298923762,0.8140232434358892,0.9338090751355693,0.9609250878167576
DTLZ5_20_1000uniform_noisy.csv,0.799999608079938,0.521599392570168,0.0014934929030678,2.43033069008538,1627.27970457256,0.792089361739575,0.847110425775727,8.57807424642686,1.00635632546921,0.177999999999884,0.8036134122206142,0.644417446225293,0.8082458398596504,0.8314047130076646
DTLZ5_20_1000uniform.csv,0.89082432299436,0.325954369262087,0.000839270661421997,2.71868730263307,3239.34509759549,0.883977182670789,0.982593618581106,4.07510535800654,1.00000074681536,0.145999999999731,0.928779042487529,0.8667475370792301,0.9260004411280022,0.951393683751463
DTLZ5_20_100normal_noisy.csv,0.676861160364851,0.561763330590613,0.00414262696020908,2.44642513726043,590.549224141814,1,0.566194222724559,50.5750740023132,1,0.0529999999998836,0.5595354636512113,0.46496571404961984,0.15290958263590215,0.7761854461099187
DTLZ5_20_100normal.csv,0.78521037187908,0.271931515801396,0.0186083374467246,3.09041920271421,166.077125995916,1,0.93061009644843,7.13453917294383,1,0.0190000000002328,0.5657719546751063,0.4158938461596846,0.8064301763090895,0.9652912941617398
DTLZ5_20_100uniform_noisy.csv,0.754016782382785,0.419056020032703,0.0220542690592606,2.46449235832691,111.74672584726,1,0.652966409957372,100.729545282116,1,0.0160000000005311,0.6796622460048753,0.14346563403886192,0.524124406130597,0.7550624757728092
DTLZ5_20_100uniform.csv,0.857878437120572,0.235320285398191,0.020744017165333,2.64562429469111,127.536738598174,1,0.965848761420927,4.08119460548087,1,0.0180000000000291,0.8040133451470316,0.5606481388522213,0.8509052754792621,0.9197840422272355
DTLZ5_20_500normal_noisy.csv,0.739361779569822,0.61267406321377,0.000767004237395006,2.89206031926303,3770.59236215618,0.440273773588228,0.810840716305002,13.0065143894305,1,0.0570000000006985,0.7174377287777887,0.44225849356046176,0.6663346641736085,0.7631130355700152
DTLZ5_20_500normal.csv,0.847557759632119,0.395216367088447,0.00105765783858061,3.26048561697106,3082.74141034749,0.702462966447393,0.966214552404286,6.21871340456477,1,0.0549999999993815,0.8802070471686557,0.7226234358425937,0.8984698961784695,0.9374855243522787
DTLZ5_20_500uniform_noisy.csv,0.777818766012204,0.435538823192082,8.87749420369092e-05,2.42574292847733,27324.6354525221,0.520549155759038,0.831582027315739,5.79887692587711,1,0.058999999999287,0.7788301224647937,0.5839815352826027,0.7870282389527049,0.8132657600018864
DTLZ5_20_500uniform.csv,0.887320457611224,0.355189547558024,0.00272023711682667,2.72776938742836,1002.76897574667,0.758874785872999,0.984286372477709,3.52074707308243,1,0.0559999999995853,0.9083027413864745,0.6904508427873555,0.9113950089208849,0.9539813092833626
DTLZ5_5_1000normal_noisy.csv,0.68603459770542,0.318590932197737,0.00277003166123994,1.38421374775814,499.710442709715,0.685100778586166,0.752918020391467,2.66132827041459,0.774206921946933,0.0340000000005602,0.7095183626277883,0.0,0.7120867045430458,0.704972326249913
DTLZ5_5_1000normal.csv,0.847521585969934,0.206094293965533,0.00200741377109282,1.64997095765761,821.938646340648,0.846515200986753,0.968852021475056,2.53986210563725,0.991245846698373,0.00799999999981083,0.9708863989230617,0.981911683431093,0.9815001092152708,0.9907397759725781
DTLZ5_5_1000uniform_noisy.csv,0.760911615249307,0.253514968690556,0.00725742995319552,1.21408233944977,167.288192552958,0.759856188664234,0.81520535704036,1.75690793527671,0.832610195899553,0.00700000000051659,0.8098806581748487,0.0,0.8054253222080879,0.7964453195110024
DTLZ5_5_1000uniform.csv,0.895352683330155,0.162112953563236,0.00344794740792633,1.3883653832209,402.6643155952,0.894496867814798,0.986932887666655,1.79515762647403,0.999984402592227,0.0069999999996071,0.9772072032041487,0.9999994200960479,0.9786481315710027,0.9899200868709956
DTLZ5_5_100normal_noisy.csv,0.737831010023784,0.406528818276099,0.00227599133687878,1.43553041542901,630.727539322556,0.718971483659695,0.798527797504821,3.74248381222158,1.30301480416332,0.00399999999990541,0.7808130980854845,0.0,0.7830731656501442,0.8058376852113123
DTLZ5_5_100normal.csv,0.838954851920894,0.239774173922111,0.0184891176507487,1.66288120691783,89.9383755530646,0.842729314705836,0.973476591170493,2.83832608897998,1.00993444404915,0.00399999999990541,0.8978422330467815,0.9346851967328345,0.9562383412346424,0.9563919098514333
DTLZ5_5_100uniform_noisy.csv,0.778711400287829,0.218976941909529,0.00328830779264949,1.26005201826374,383.191628557519,0.767832131695596,0.80029895153617,11.9034133528753,1.26315226852621,0.00399999999990541,0.7216179746301248,0.0,0.7224870449977876,0.7988711746094423
DTLZ5_5_100uniform.csv,0.897226893509659,0.17831577720222,0.00541458473937645,1.40623309872535,259.712086228665,0.898193060546791,0.988871235238402,1.87807661828361,1.00002238809405,0.00399999999990541,0.8943685763153956,0.9983127126920822,0.9431300256698902,0.97145787699348
DTLZ5_5_500normal_noisy.csv,0.694201115921437,0.260892277764017,0.00848569350886802,1.41443668283473,166.684865692659,0.692672278843897,0.76515846928045,3.82436003626407,0.772088440705707,0.00500000000010914,0.7803088550954517,0.0,0.7974477597966649,0.7866739965682439
DTLZ5_5_500normal.csv,0.850331183209083,0.140979899224762,0.0043892339424123,1.65301657485373,376.607079171825,0.850477700688114,0.967362299233654,2.92109636049481,0.991842192877894,0.00500000000010914,0.9637934140785871,0.978383619916164,0.9749051934267053,0.9832912583538411
DTLZ5_5_500uniform_noisy.csv,0.763746978310582,0.248773635333124,0.00392838196658441,1.24235984993702,316.252304512335,0.763236071500911,0.818363902208907,3.53644243153871,0.833206292020765,0.00500000000010914,0.7869738160566555,0.0,0.7941508365192391,0.7678673481522876
DTLZ5_5_500uniform.csv,0.892365638746359,0.133836121933682,0.00239629457032376,1.3856922751014,578.264580766538,0.892420558724554,0.986264991337991,1.80348024430332,0.999985157317189,0.00499999999919964,0.9677852820252378,0.9999872728388168,0.9797335513068732,0.9815515862660504
DTLZ6_10_1000normal_noisy.csv,0.772647616173746,0.992946513411542,0.0185553051291517,9.65427784931301,520.297444968742,0.770923350737146,0.809418943422718,48.5414818478025,0.806739729644805,0.0180000000000291,0.7819136684000358,0.023290065473035915,0.8242176470398089,0.8064119716506907
DTLZ6_10_1000normal.csv,0.911101171499445,0.35396069596432,0.0699884582338458,11.4300907051993,163.313937663965,0.911323083869021,0.98229980338242,92.9681301443103,0.992730223035418,0.0190000000002328,0.9550812132728945,0.9781380323033884,0.997526985103449,0.9979704889186914
DTLZ6_10_1000uniform_noisy.csv,0.8508819219397,0.817745752706307,0.0943146578250325,8.618545067152,91.3807595330586,0.850330473905275,0.878413673525892,177.647385531698,0.873401367667175,0.0180000000000291,0.851711953785835,0.4888182653790578,0.8745483608565059,0.8654095375496951
DTLZ6_10_1000uniform.csv,0.957811447507461,0.404878140042827,0.0540074718583846,9.59429041456893,177.647464034727,0.957849579593967,0.998385499136607,35.7175471216655,0.999850618385364,0.0219999999999345,0.9885364865038999,0.998754076337926,0.99905753489506,0.998086113455276
DTLZ6_10_100normal_noisy.csv,0.720305694980019,1.39271299233651,0.0377511757872668,9.34752738203114,247.608907195521,1.36727702377507,0.743387343731183,8.88440798572125,1,0.00700000000051659,0.3758274212724958,0.39394440606850556,0.7801655557221424,0.8828140819243874
DTLZ6_10_100normal.csv,0.903177732832679,0.681246765472888,0.0072475686827076,11.4746171993479,1583.23676555503,1.11235506617119,0.983947202648193,137.183163354623,1,0.00700000000051659,0.5068402671584042,0.9461902128913493,0.9948394018423271,0.9963186884639407
DTLZ6_10_100uniform_noisy.csv,0.816519936614213,1.40905978369456,0.0514378712172102,8.61777484715489,167.537548565415,1.25630349288192,0.854367785014513,76.6627549538994,1,0.0069999999996071,0.48255710737070356,0.7520775568060649,0.7450467404432899,0.8853979816378859
DTLZ6_10_100uniform.csv,0.955696375011617,1.06230823624659,0.000102244048847063,9.6710101324231,94587.5113659572,1.05800546246454,0.998520869491405,88.1942212410433,1,0.00799999999981083,0.7731853334890703,0.9666645638595076,0.9976303640974513,0.9948669602337492
DTLZ6_10_500normal_noisy.csv,0.768277696388744,1.56044152050735,0.000201647722201508,9.70417121844737,48124.3780614092,0.77311749805266,0.80751656465063,89.2868311941221,0.60566396214477,0.0119999999997162,0.7617700719441056,0.5212092370968439,0.7722258673771655,0.7427673243733246
DTLZ6_10_500normal.csv,0.908394636232799,0.0467709322236902,1.71309385578539e-05,11.4530577203703,668559.850453695,0.91657151136127,0.982144046262074,60.225838036287,0.988367351992819,0.011000000000422,0.9313721680676552,0.9712690873587938,0.9964670908917225,0.9979767208858831
DTLZ6_10_500uniform_noisy.csv,0.856644708881451,0.936653719025799,0.00526697074479807,8.30056774973006,1575.96617712907,0.852697640449428,0.895297892803691,148.529415487658,0.789623187816734,0.0119999999997162,0.8831699349783515,0.6275729622004098,0.9218486055899411,0.912510471439849
DTLZ6_10_500uniform.csv,0.955413318257851,0.213272918829316,0.0371129295356736,9.58632525992855,258.301497075676,0.959260354842136,0.99823712599835,47.8114782352463,0.999611368869672,0.0119999999997162,0.9747409747435775,0.9962400968880349,0.9989100558449954,0.9979108403281874
DTLZ6_20_1000normal_noisy.csv,0.786091446099388,3.13405003614875,0.00461363384113557,19.1741477502283,4155.97518365455,0.76416711590294,0.819697084561233,1089.57019833583,1.00823304996777,0.144000000000233,0.7440277535524114,0.6897775728404658,0.8441570479677185,0.8420897083068065
DTLZ6_20_1000normal.csv,0.910093648478763,1.06806357800537,0.0368448550035454,22.7299098869665,616.908653454582,0.905631645515452,0.982584121845347,6391.0492757324,1.00030917103001,0.192000000000007,0.8649702506553081,0.9505439252817995,0.9973020678749256,0.9979661236352745
DTLZ6_20_1000uniform_noisy.csv,0.850100827589522,2.38648311115053,0.0146862857536414,17.1540268013611,1168.0303031764,0.842766063934871,0.876025199146153,1081.07135861669,1.00646358469283,0.193000000000211,0.8127627040626841,0.7818287766718522,0.8841640910127588,0.890898879974593
DTLZ6_20_1000uniform.csv,0.957372340066933,0.505145450439895,0.0374188197492784,19.0710574324402,509.664857422662,0.953879162259093,0.998774482195136,241.511854813825,1.0000040309378,0.153999999999542,0.9301570036472977,0.9582078468959738,0.999306429747699,0.9987198837188364
DTLZ6_20_100normal_noisy.csv,0.757699574082434,4.09487005122465,0.162457113386169,19.1977106757605,118.170945399765,1,0.606188212816592,38.2203750689063,1,0.0159999999996217,0.22245959263110904,0.0,0.6678433813675517,0.7683181887591408
DTLZ6_20_100normal.csv,0.909137480065538,2.2323487959996,0.000700655426388995,23.5582626491578,33623.1787578828,1,0.966479335480156,190.308007483953,1,0.0420000000003711,0,0.623921703467889,0.984091108234318,0.997522040001163
DTLZ6_20_100uniform_noisy.csv,0.825341215125845,0.558111255857206,0.0284458564879079,17.780058098059,625.049138724904,1,0.743147786261599,355.283305575917,1,0.0160000000005311,0.2252152821491189,0.5466968127170597,0.8491587214673918,0.8524477855081074
DTLZ6_20_100uniform.csv,0.955167362541357,0.331508145421105,0.00650759806301636,19.3808067803292,2978.1812878815,1,0.998013330757064,8287.05903932597,1,0.0160000000005311,0.11925927443619833,0.8648364755548805,0.9916351082294085,0.9956887823957811
DTLZ6_20_500normal_noisy.csv,0.772882283758346,1.99813285591301,0.0264050966247902,19.6051886549904,742.477444168268,0.526255671937189,0.80978047848723,176.755805824195,1,0.0560000000004948,0.5872271394497177,0.6970027335100009,0.7535445816322339,0.8281128583790125
DTLZ6_20_500normal.csv,0.911684363696535,0.477097622290243,0.00420784861818401,22.7954496896112,5417.36449146526,0.835339312101954,0.982285763332744,1312.35633695898,1,0.056999999999789,0.6843256281114758,0.8845916042540051,0.9972616636551935,0.9980173687178925
DTLZ6_20_500uniform_noisy.csv,0.854786433895443,1.53615598610056,0.000283411044439034,17.3115519890093,61082.8417900041,0.682950934835601,0.875940785853335,693.573473198656,1,0.140000000000327,0.6755940263415234,0.6931855411997034,0.8472134821432684,0.8815118282743514
DTLZ6_20_500uniform.csv,0.958213825142838,0.426975662381372,0.0237502258776539,19.1135580455151,804.773737478372,0.916900937681801,0.998678183714304,5689.554782068,1,0.0900000000001455,0.8512124082829976,0.9178136612787318,0.9985940924504912,0.9988249387343362
DTLZ6_5_1000normal_noisy.csv,0.764174578804436,0.603813071985324,0.0833389058110358,4.84148155856033,58.0938939795777,0.764153410493372,0.815003133068042,14.7640565064133,0.821421979737677,0.0069999999996071,0.8407995678357397,0.0,0.8482544979062601,0.8324013147383877
DTLZ6_5_1000normal.csv,0.910298312646957,0.27472264186763,0.117423582835227,5.7646510074059,49.0927875663194,0.910138969402186,0.982257100295985,47.7809005109753,0.992992280671152,0.0069999999996071,0.9901863107029071,0.9759052635913176,0.9965756242744966,0.9984150010588007
DTLZ6_5_1000uniform_noisy.csv,0.843257585209931,0.574854326362124,0.0891388496651485,4.2759427122339,47.9694625665078,0.844818391392382,0.872891867346781,20.0891714630589,0.883052194184462,0.00700000000051659,0.8872620759046884,0.0,0.8932821628350939,0.8873900588500695
DTLZ6_5_1000uniform.csv,0.956224135846866,0.224863336998285,0.129013267804886,4.83499953716947,37.4767620372325,0.956702718160961,0.997636304316465,19.2809932528205,0.999681700509669,0.00700000000051659,0.9964581522823769,0.9988957710868064,0.9991121542420361,0.9989280469474655
DTLZ6_5_100normal_noisy.csv,0.759340392811519,0.507121509771627,0.142041041742955,4.68551058456607,32.9870192943615,0.748084859857519,0.814320238447895,3.75238976971461,1.29832546071599,0.00400000000081491,0.6393004952877865,0.0,0.7779870934996005,0.7475078937790083
DTLZ6_5_100normal.csv,0.905958310509666,0.147517518668351,0.175553110223335,5.72789466854868,32.6277025867657,0.904803182721157,0.979153293359267,67.1607315418893,1.00567585905886,0.00399999999990541,0.914983484074849,0.8815686446961836,0.9904821983420317,0.9895986396096732
DTLZ6_5_100uniform_noisy.csv,0.886850232531647,0.369524514546292,0.0029088142605256,4.24546208884743,1459.51639004971,0.886968781208349,0.906542126422167,57.8764765299004,1.10834697360639,0.00399999999990541,0.836001699459025,0.0,0.9419160954191272,0.9226167140948492
DTLZ6_5_100uniform.csv,0.954068772690395,0.183345083573922,0.0924585127692626,4.83504500649759,52.2942113352377,0.952372446324165,0.996536180179612,20.3335864237778,1.00013268639092,0.00399999999990541,0.9720959501285361,0.9988867874462152,0.9981856140280564,0.9920230111539114
DTLZ6_5_500normal_noisy.csv,0.779829105194848,0.733374080368928,0.056706147131863,4.80685937480886,84.767871173316,0.779067842425403,0.8227696859039,17.1493265709034,0.834388604423658,0.00500000000010914,0.8055170380809992,0.0,0.848425451266688,0.8466802192966424
DTLZ6_5_500normal.csv,0.910510288662268,0.258529035332816,0.104211826332538,5.77093519191256,55.376970109876,0.910427080002423,0.981884568544461,46.5670363138728,0.992934105572997,0.00500000000010914,0.9847010102692503,0.9294476035675652,0.9964621311015988,0.9965815600957552
DTLZ6_5_500uniform_noisy.csv,0.851128680760066,0.501059134516023,0.0963894081252313,4.31066905222759,44.721397672938,0.850562236500976,0.881109151650018,58.1667848219904,0.88950235650531,0.00500000000010914,0.8999585032024442,0.0,0.8995638878215476,0.887796756061775
DTLZ6_5_500uniform.csv,0.95728099037012,0.182124378755514,0.139719571180551,4.84434730310194,34.671930798026,0.957550049953533,0.997702255451841,19.2879257868966,0.999725786511937,0.00500000000010914,0.9935638110857294,0.9983035535653269,0.9990514560667143,0.9985085464836511
DTLZ7_10_1000normal_noisy.csv,0.84197231075363,4.56283075229584,1.62317886606579,2.12239378000594,1.30755385273721,0.840806595186458,0.841759145347799,9.49265645889341,0.845112307355586,0.0190000000002328,0.7964680086217785,0.0,0.801849446500306,0.700444090188302
DTLZ7_10_1000normal.csv,0.955072866762546,3.55032760300392,1.87684542844589,2.76759427745165,1.47459893899911,0.955181613992933,0.957217093980329,12.8439914670073,0.968673773479831,0.0219999999999345,0.9530798724269044,0.8577624943397906,0.9916785427350073,0.8912612033383449
DTLZ7_10_1000uniform_noisy.csv,0.849123927767887,5.33044538197875,1.45032136870129,1.87172766946867,1.29056063701574,0.849675520875403,0.856195375095253,102.59593268493,0.854837297002034,0.0190000000002328,0.8600924967092498,0.32815686088273477,0.8533392145889459,0.8153803797099395
DTLZ7_10_1000uniform.csv,0.961337405444975,4.28115987611285,1.57365431932023,2.04036839596827,1.29657979577729,0.961181458993246,0.974423669844141,35.1266139015539,0.972270372685422,0.0200000000004366,0.9587341143084668,0.9130635874738263,0.9818036738874725,0.9052814132954841
DTLZ7_10_100normal_noisy.csv,0.799424700434482,4.56142647501211,1.34710170548434,2.36574911892901,1.75617706465484,1.32268728940446,0.791852642110753,211.561952693225,1,0.00700000000051659,0.6000730945515702,0.1870545661864853,0.6643301397943613,0.48792660019944056
DTLZ7_10_100normal.csv,0.949181768495816,3.50456456145199,1.69026676846925,2.65523557404963,1.57089734211262,1.08664240267473,0.950257725249341,5.95142481137789,1,0.00700000000051659,0.8323640148231872,0.7036426113190444,0.9345433355372962,0.6563171885612932
DTLZ7_10_100uniform_noisy.csv,0.834461873199451,4.98797495429521,1.30670317963962,2.16673883839679,1.65817216347048,1.23042178517094,0.846420526186243,46.8791866534782,1,0.00700000000051659,0.7390480555276586,0.3357933880147609,0.8237620443574091,0.4794049955184574
DTLZ7_10_100uniform.csv,0.954731083340141,4.18175796494795,1.67259449998159,2.19439975191636,1.31197355482188,1.06712169037262,0.967468867705298,203.75463988694,1,0.0069999999996071,0.8811169844861276,0.7999235283951913,0.9461216090636126,0.6734730018156638
DTLZ7_10_500normal_noisy.csv,0.829336891948735,4.49683343924607,1.5874349525034,2.31700690387174,1.45959171443075,0.828922153334747,0.830175825106633,21.1372653984083,0.667373136625289,0.0119999999997162,0.7764453994000253,0.37961205353197347,0.8057761082538235,0.6829500293993334
DTLZ7_10_500normal.csv,0.953186220482475,3.42386905671209,1.85968789175194,2.81665330479714,1.51458388113915,0.951517100873069,0.955086134607727,29.650923772463,0.932684934716024,0.0119999999997162,0.9345465073962274,0.8276537978994801,0.981454007856901,0.8579936463892961
DTLZ7_10_500uniform_noisy.csv,0.859294397917991,5.17617762278238,1.39647810819172,1.91201831511047,1.36917170694951,0.857571950258234,0.869523072694177,788.38232987227,0.756670458008312,0.0140000000001237,0.8423311072134718,0.6100150405511445,0.863216816774939,0.7450066178072197
DTLZ7_10_500uniform.csv,0.959828643801188,4.19107455303619,1.57145541896586,2.12930025048466,1.35498610064669,0.958332746520687,0.973007240734918,174.101338921697,0.941468744868261,0.0119999999997162,0.9553303017244732,0.8894679695727332,0.9847354168493895,0.8254294387753608
DTLZ7_20_1000normal_noisy.csv,0.820305039229645,4.66813342286884,0.794219762589988,1.65265756076459,2.08085675855659,0.809958298323976,0.825069787699044,107.997601964594,1.00822933551109,0.152999999999338,0.7823237779545642,0.27787429384701,0.7890200714889579,0.6927201528601961
DTLZ7_20_1000normal.csv,0.927917448720468,3.69937868360407,0.929351176913224,1.88127368296671,2.02428719057013,0.921793993264999,0.931059828800013,160.415724138733,1.00224524675212,0.181999999999789,0.9206865054380873,0.5359009723219605,0.9263466397004656,0.792115270843842
DTLZ7_20_1000uniform_noisy.csv,0.850559457009893,4.89509634505387,0.812565553315638,1.45235013564054,1.78736365295611,0.833981862271315,0.861318722946591,346.942093554204,1.00572711126672,0.28899999999976,0.8506439671529967,0.13542281748133034,0.8615664561205804,0.7086601212950079
DTLZ7_20_1000uniform.csv,0.934822134959975,4.06667454445272,0.895818821313491,1.58199611872493,1.76597776367919,0.929232595523547,0.956407568746445,148.656004392728,1.00191286005753,0.220000000000255,0.9353099641052506,0.5720058552233596,0.9662701079192904,0.7887979351829028
DTLZ7_20_100normal_noisy.csv,0.701872338079944,4.91276672497089,0.427213271660141,1.62565062308104,3.8052437293528,1,0.443988602637382,14.4698824913052,1,0.0259999999998399,0.23281994666512074,0.0,0.41378392975670875,0.0
DTLZ7_20_100normal.csv,0.896983301216831,4.00830755220256,0.70516649130702,1.74010222204207,2.46764734781542,1,0.810407371132899,12.5275703474882,1,0.0749999999998181,0.5954677753968901,0.0,0.8934786709693703,0.4141112281751467
DTLZ7_20_100uniform_noisy.csv,0.749869298831558,5.08616578843515,0.297081224781463,1.49765641146946,5.04123548221924,1,0.58853723480516,32.2693304638105,1,0.0180000000000291,0.43855095905717856,0.0,0.6231056118391503,0.3959066175290117
DTLZ7_20_100uniform.csv,0.903960988778962,4.32400011344564,0.677197069183988,1.44847879852727,2.13893246802244,1,0.881362338200825,98.8352035568267,1,0.0209999999997308,0.6563616165092945,0.0,0.9036569412252143,0.41015634569552006
DTLZ7_20_500normal_noisy.csv,0.786976559528401,4.91210063475954,0.712093171513646,1.5361552208913,2.15723908379293,0.49609412496703,0.78902827512461,106.274775790342,1,0.056999999999789,0.7573687071814459,0.0,0.7770480083151518,0.5176998764424037
DTLZ7_20_500normal.csv,0.910823476000871,3.95553687857537,0.804150611649665,1.86234117540752,2.31591091075221,0.816770424413625,0.914416385782173,580.973166468844,1,0.0600000000004002,0.8360005357482947,0.0,0.8965234352319111,0.6779423886770741
DTLZ7_20_500uniform_noisy.csv,0.794277588533054,5.22037323622664,0.681532062517829,1.31289412132832,1.92638643657939,0.571565014590865,0.825766034662667,131.788469145176,1,0.0879999999997381,0.7685803320548107,0.0,0.8317306807388387,0.6003420176487596
DTLZ7_20_500uniform.csv,0.919095626573246,4.28648733750584,0.807706193583667,1.56665023918893,1.93962885469275,0.830252796117316,0.946892286681577,103.308567582795,1,0.0869999999995343,0.9089300661515622,0.1444285280728096,0.9506828828660917,0.7225967355453566
DTLZ7_5_1000normal_noisy.csv,0.84442674234436,3.94950978831859,1.44626742170274,5.10200696369189,3.52770648576534,0.843804446736051,0.84411923632824,5.79646548156942,0.851763607373001,0.00799999999981083,0.8245635110372539,0.0,0.828904122509856,0.8156548109170907
DTLZ7_5_1000normal.csv,0.973547728237711,2.57523163880057,1.91307711968241,6.48458983179594,3.3896123502185,0.973552350374444,0.97453404339167,28.7335849269221,0.986932926619282,0.0579999999999927,0.9743339211093356,0.8191704521491403,0.9903216599636468,0.9798750883764338
DTLZ7_5_1000uniform_noisy.csv,0.877060332549014,5.15908601290364,1.44833317775193,4.07283300796084,2.8120829312787,0.876464981312954,0.882298721639365,43.8644382396871,0.888516847646862,0.00599999999940337,0.8767341447837683,0.0,0.884385082651961,0.8597355614705263
DTLZ7_5_1000uniform.csv,0.982988533802076,4.22804858426277,1.57971212608971,4.48752003895146,2.84072013174925,0.98299932228529,0.988751060476204,328.162719974022,0.988887021284849,0.00599999999940337,0.9845730021598417,0.9957017419651262,0.9917646623745873,0.9731281949810162
DTLZ7_5_100normal_noisy.csv,0.855071697511891,3.71746007010746,1.86960922115708,5.03011857076327,2.69046521264492,0.852252205321016,0.851238595569296,17.7238876401988,1.26321643997725,0.00399999999990541,0.6670643748629147,0.0,0.6805676751280654,0.5330401317467213
DTLZ7_5_100normal.csv,0.970330457526495,2.22928976138721,1.73889903349732,6.80241067131614,3.91190663763551,0.968420340434633,0.972422802323329,22.3353706832839,1.02134361928097,0.00399999999990541,0.9317270857876282,0.11761256419223354,0.9596751965885418,0.8333347061226812
DTLZ7_5_100uniform_noisy.csv,0.89674983890425,4.78579833538503,1.61317140924756,4.35141068438724,2.69742611320944,0.889805787529786,0.899319224471102,29.955575523217,1.17501754167084,0.00399999999990541,0.8019886210032396,0.0,0.8546960520057433,0.6961507807094075
DTLZ7_5_100uniform.csv,0.980868470690836,4.01788060321771,1.58518057100616,4.6747718990724,2.94904693167238,0.978809964425161,0.986927332537589,50.8098299272527,1.01410385318601,0.00499999999919964,0.9157531077911101,0.9280216649277252,0.9756796869563307,0.7011310692020846
DTLZ7_5_500normal_noisy.csv,0.832082467199645,4.35320129638408,1.65962554522565,4.90065370398222,2.95286711998393,0.834581331638507,0.832770459312629,3.32701910514501,0.842271627977429,0.00500000000010914,0.8001658713171408,0.0,0.80446953656287,0.7727510201125394
DTLZ7_5_500normal.csv,0.969174413352121,2.37110162801233,1.81637436919197,6.58812610951337,3.62707502443131,0.969106353700281,0.971231653169422,32.9829587486063,0.985122816635491,0.00500000000010914,0.9671620518814245,0.32175300206958435,0.9940806530894645,0.9602289466964128
DTLZ7_5_500uniform_noisy.csv,0.866485692928578,5.26120481645804,1.39314730400583,4.06492718882317,2.91780142497132,0.865485504813764,0.872641438994519,5.46856058619374,0.872948496880066,0.00500000000010914,0.8379491889602514,0.0,0.8486502305314986,0.830961198090094
DTLZ7_5_500uniform.csv,0.980996303585209,4.13504863891003,1.58510633906504,4.57303342469427,2.88500103241756,0.98090409300515,0.987378401600189,262.505895432152,0.987320040218673,0.00499999999919964,0.9781561447679015,0.9891303192648198,0.9852426191898602,0.9481330719947125
