file,SVM,NN,Ada,GPR,SGD,KNR,DTR,RFR,ExTR,GBR
ZDT1_30_2000_uniform.csv,0.9747942232242981,0.984821339226459,0.7568907712569831,0.5025354350994652,0.8399444064224804,0.5523886893493481,0.5166411132106157,0.7653994711491774,0.7635302919497341,0.8631891737987235
ZDT6_10_400_normal.csv,0.9697552449936411,0.0,0.6658658978292771,0.8282642574844004,0.0,0.7640816085851454,0.28520424768326447,0.7075815639511998,0.720587763724034,0.8199763354237994
ZDT3_30_2000_uniform.csv,0.6457255640801154,0.6591464341546416,0.6658328513576737,0.10927303626541518,0.576634538936196,0.3632134653363638,0.4920932852501909,0.7608026296150477,0.7411060975033223,0.8262868412337057
ZDT3_30_250_normal.csv,0.41685470084667375,0.0,0.6086414934237554,0.0,0.2826465327248404,0.3397553566533642,0.0,0.5468941420809089,0.5458923026053848,0.700211747692438
ZDT3_30_700_uniform.csv,0.6513410993745631,0.6511635203911994,0.6348435509820738,0.0,0.4573954776756197,0.34273942228507026,0.4383191094106096,0.7179957164990648,0.6936370423280009,0.809902770945832
ZDT6_10_600_normal.csv,0.9798541315881578,0.0,0.7226182788163865,0.9067742648107068,0.0,0.8165416162243486,0.19214941887900738,0.7264443216597141,0.7468844447048741,0.8830105730621859
ZDT3_30_1000_uniform.csv,0.71401162488401,0.773975972924351,0.6959896432278115,0.09480589860153166,0.5825556497980171,0.29247465891958024,0.47104223771207276,0.7442992420968153,0.7273169130622048,0.8164094189280706
ZDT2_30_600_uniform.csv,0.9762759924011036,0.9874830696663189,0.45257122934079574,0.0,0.9561822399753382,0.536130701065467,0.0,0.4041715106543271,0.3958785975818626,0.6209937489715349
ZDT1_30_150_uniform.csv,0.6842560720224146,0.0,0.7136685602831789,0.0,0.29194355590402865,0.3966097446789296,0.45918201835490435,0.6893300350393774,0.734671056456629,0.718798302927893
ZDT6_10_350_uniform.csv,0.9573069065416723,0.0,0.7491144121504869,0.8065309155948412,0.0,0.7813868447153112,0.10384875155898265,0.7798383217242963,0.7289538518059893,0.8565456410398923
ZDT6_10_250_uniform.csv,0.9581549483543581,0.0,0.6601208887525883,0.20879808432842306,0.0,0.6606860023662,0.15211352207993278,0.648504169429506,0.6914192154320966,0.8168631996957075
ZDT1_30_150_normal.csv,0.5284244115974392,0.2355269711506599,0.8060446975240225,0.0,0.3599614377808129,0.21186237812242992,0.7588271069473653,0.8117301780108674,0.773240390381138,0.8543934439782065
ZDT6_10_150_normal.csv,0.9485336118078571,0.0,0.5405274281415484,0.2887104465032584,0.0,0.7212451093304311,0.11778646393299719,0.54370815070686,0.6249499380463389,0.6453656169782078
ZDT2_30_600_normal.csv,0.9722740651925559,0.9648222761330146,0.4862212507933691,0.0,0.9571039582209109,0.5165871463732729,0.0,0.38016989561748027,0.40677981689475107,0.5994291607765132
ZDT1_30_700_normal.csv,0.9336256684146508,0.9688854497361851,0.7594694419471436,0.0,0.47982422453437623,0.3790522152712774,0.4423692168872815,0.7459886361297636,0.7434716161600383,0.8246986366361042
ZDT3_30_300_normal.csv,0.42897744204051147,0.5333766382219957,0.6289303784358219,0.0,0.23793139012278097,0.0071916695413899445,0.3217500182532752,0.6250941716299356,0.6309498760495613,0.7276174100488516
ZDT1_30_350_normal.csv,0.8755586622930819,0.9222209525174405,0.6983555784735452,0.0,0.4932486961646576,0.31755979042501625,0.4981798626901547,0.7147402541438266,0.7299519191844104,0.7770329833308365
ZDT1_30_1200_normal.csv,0.9570648286535551,0.9855738330466839,0.7206167828835488,0.2343342623395418,0.6436851870160571,0.4428908849652541,0.4538664438561617,0.7402104398623124,0.7377324672849819,0.8445802508888395
ZDT1_30_1500_uniform.csv,0.973051810609952,0.9688441724980956,0.7407931932958784,0.3784683231872922,0.789547769642747,0.5652041706086474,0.5673937069612922,0.7635474134438952,0.765884515759899,0.8663169154571282
ZDT2_30_300_normal.csv,0.9506332272733609,0.7230351381841462,0.43075495935317654,0.0,0.9575349548990506,0.3829717419274906,0.0,0.2818480639638645,0.337073389399549,0.40776013100281894
ZDT1_30_2000_normal.csv,0.9600184293909421,0.9855501461506143,0.7710273533621612,0.5135268069034508,0.723590712103158,0.40219263078840106,0.5148463818520476,0.780609813922197,0.7861681070924113,0.8660131967579336
ZDT3_30_350_uniform.csv,0.5983674029494965,0.6854084935537808,0.6555614101097644,0.0,0.4038012623708769,0.23443673161815004,0.23257976460568253,0.6052219416066731,0.606314646337355,0.7332405443431382
ZDT6_10_200_uniform.csv,0.9748393295783925,0.0,0.6316905222379232,0.14657663205709281,0.0,0.7861161359628052,0.04637537263443847,0.7006830892495659,0.7681554430469717,0.756790012014382
ZDT2_30_300_uniform.csv,0.9586666045295303,0.7004751972038388,0.42127780920435987,0.0,0.9395405760364223,0.49807156104494643,0.0,0.3643838484313149,0.37530782756174297,0.4307227069550855
ZDT3_30_1200_normal.csv,0.5944294404420558,0.644209835364292,0.6630144806261793,0.0,0.4341776810909693,0.21556152838224485,0.5336246474628299,0.7449835515901309,0.7155963064626812,0.8149860315488091
ZDT4_10_700_normal.csv,0.0,0.0,0.3830382648246564,0.0,0.0,0.0,0.0,0.29397241004445396,0.26608373390883955,0.5603483976510983
ZDT2_30_2000_uniform.csv,0.9900028185973134,0.99041633412337,0.5126282203845097,0.0,0.9810553776617932,0.6229305433244068,0.0,0.4890453691681472,0.4989308302713249,0.6956474031206896
ZDT1_30_1500_normal.csv,0.9576462119553233,0.9812260745453698,0.7326402089784604,0.41606296784338914,0.6996811167642073,0.4609160312391757,0.5275918791934967,0.7500054490272164,0.7719916223904218,0.8545879027824209
ZDT3_30_400_normal.csv,0.47865655290964226,0.6069293548934839,0.674463143078298,0.0,0.3400917482592011,0.16006124738988048,0.4320969620342505,0.6439165946518104,0.6064419969610899,0.7737972433712231
ZDT6_10_300_normal.csv,0.9701807289871714,0.0,0.6493306860749074,0.8479764100627842,0.0,0.8206614658168601,0.30306983137329246,0.6771559113000862,0.7343130158935103,0.8203469422841064
ZDT2_30_200_uniform.csv,0.933089883700357,0.07125122142091889,0.4179420833617491,0.0,0.9398126734553691,0.47481164677682774,0.0,0.32816995128426063,0.4123719187574375,0.414135583104575
ZDT4_10_300_normal.csv,0.011724144612745735,0.0,0.36128651974243287,0.0,0.0,0.0,0.0,0.30776167380627706,0.29001448099250404,0.48698951509929456
ZDT2_30_1000_normal.csv,0.9866653798097161,0.9914511359136572,0.5414572514422549,0.0,0.9667114820851568,0.5296233885374346,0.0,0.42144035441043437,0.444232550026221,0.6795710615764636
ZDT1_30_800_uniform.csv,0.962417778175878,0.9628585373517379,0.7125734781892598,0.0,0.6465796343562205,0.5268232990646405,0.5412247676062333,0.7314253057808071,0.749542962100979,0.8283063320009942
ZDT6_10_800_normal.csv,0.9744293397712436,0.0,0.7067135389627778,0.9166733981172503,0.0,0.7891861275798718,0.36146556411187214,0.7350986003326097,0.7585017842406663,0.8724743086610018
ZDT4_10_350_uniform.csv,0.0045015465896828255,0.0,0.3131025089075322,0.0,0.0,0.0,0.0,0.2467450011527491,0.24963805768499625,0.5140153312426087
ZDT6_10_500_uniform.csv,0.9614117404575704,0.0,0.7355487097868926,0.8793332780873222,0.0,0.795802512958071,0.1833296423647891,0.6996307767443618,0.7298595365764393,0.8556948966067052
ZDT3_30_200_uniform.csv,0.43029009671079854,0.015883269781487908,0.5428516897045668,0.0,0.17357848669705744,0.232949470277931,0.0,0.4967830241935268,0.5482770169275626,0.5688227223916615
ZDT3_30_100_uniform.csv,0.22550795150921488,0.0,0.4823203995045491,0.0,0.13849266827450246,0.21655384191545635,0.1347576823133979,0.46344136213240594,0.3868641180484482,0.5502275243944906
ZDT1_30_200_uniform.csv,0.8404985035102027,0.0,0.7470915102649811,0.0,0.3305856110496129,0.4065280157037259,0.3632411451381333,0.7575902595416443,0.755162578738899,0.8177169223562972
ZDT2_30_400_uniform.csv,0.965827061808006,0.7325292616504896,0.46484549612446024,0.0,0.9516302414434992,0.4443579349267637,0.0,0.4222115566442334,0.42496180533127614,0.5842917152468351
ZDT3_30_100_normal.csv,0.2499947427376885,0.2112017354718203,0.32709613224446965,0.0,0.363347516339219,0.0,0.06625594424359105,0.20302923380775162,0.366012750047952,0.3702687207105473
ZDT4_10_300_uniform.csv,0.007992068090277638,0.0,0.27027318186989224,0.0,0.0,0.0,0.0,0.29939173733477653,0.19345284370375682,0.38911148637204296
ZDT6_10_100_uniform.csv,0.9465252734502486,0.0,0.5375878086896058,0.0,0.0,0.5159739738198028,0.3145134198984201,0.5687067166124787,0.5030074797920514,0.6912996513878396
ZDT6_10_350_normal.csv,0.9792395553384595,0.0,0.7146405460466922,0.8865797679027059,0.0,0.7858469099241725,0.18967920323862542,0.7035964439070866,0.7195740349461515,0.8330178892141289
ZDT4_10_400_normal.csv,0.011288168173055002,0.0,0.3488848709042148,0.0,0.0,0.0,0.0,0.2598675512222508,0.16154823535267193,0.48001067622731564
ZDT3_30_150_uniform.csv,0.3861547467105513,0.0,0.5986594390098816,0.0,0.29668092265228696,0.18082784345568637,0.03969309806595722,0.49841322811838074,0.6785703566701373,0.6565438276103802
ZDT2_30_1200_normal.csv,0.9853671102927362,0.9945703487526865,0.4892971627113738,0.0,0.9746513722339216,0.5888343900299993,0.0,0.4170103408519934,0.4247081917691866,0.6507019778883105
ZDT6_10_300_uniform.csv,0.9551955603277342,0.0,0.7095844485810947,0.8150807786596919,0.0,0.8367859484634491,0.4493065546545568,0.7165483700554538,0.7519731935033707,0.8104809176608054
ZDT2_30_150_uniform.csv,0.8308763546121195,0.40874304828305985,0.4399493019565207,0.0,0.9455155091205207,0.3836459682780633,0.09209722463994874,0.2846733822925448,0.3696473640482405,0.439046630901186
ZDT6_10_1500_normal.csv,0.9816483177648699,0.953334966497982,0.7355328368812206,0.9794907721401624,0.0,0.8240812649069309,0.4381758587656177,0.7734624565104402,0.800700891749967,0.9133289947593629
ZDT3_30_900_uniform.csv,0.6788533755655615,0.6954230066769378,0.7070997233066108,0.0,0.5099650751095406,0.3158388200627308,0.5008371921140213,0.7437220987521627,0.7365889436462307,0.8313730058806019
ZDT4_10_350_normal.csv,0.0,0.0,0.27624198539925005,0.0,0.0,0.0,0.0,0.24615117653346252,0.10658973454350307,0.44587145607707057
ZDT1_30_900_normal.csv,0.94879107469147,0.9631670090296269,0.7527891372653673,0.13916007751967185,0.6012323855709996,0.39763160221905014,0.4565501452101304,0.7308415584861477,0.7432121735379397,0.8407935894474927
ZDT1_30_300_normal.csv,0.836968959666261,0.897111481994638,0.7589477552534731,0.0,0.44349536546858204,0.3415262715120927,0.526655592037393,0.7776889589023237,0.7630516063787844,0.8053247812692845
ZDT2_30_700_uniform.csv,0.9790111941966048,0.9877413714990467,0.48688857293770205,0.0,0.9555629989914867,0.501795747389294,0.0,0.4307370350141011,0.43092677896925213,0.6314964834894303
ZDT2_30_900_normal.csv,0.9780546020280209,0.9912421523899199,0.4566437527550091,0.0,0.9673028936727738,0.5130223876431852,0.0,0.4117352103238735,0.38904760726725107,0.6256039974843167
ZDT1_30_350_uniform.csv,0.9070702699913066,0.9221598730599052,0.806733544199191,0.0,0.3233505098251832,0.4874373170386871,0.6639534876831445,0.7700863269784949,0.8236285160927226,0.8415935823502938
ZDT4_10_200_uniform.csv,0.0018656276328287147,0.0,0.3423634217208439,0.0,0.0,0.0,0.0,0.21333859406611666,0.25038270294818243,0.24619805380066306
ZDT3_30_300_uniform.csv,0.5650468290627644,0.5863300960577713,0.7695718740818791,0.0,0.23143585376656006,0.34692449548593673,0.4240141079764005,0.7194322760444531,0.7407603585130964,0.7664357712565616
ZDT2_30_350_normal.csv,0.9630431404222627,0.7679146011190905,0.5086403152597287,0.0,0.9597517756021062,0.5365004710834177,0.0,0.45825219272003737,0.3865515208836684,0.6185112427788634
ZDT2_30_800_uniform.csv,0.9858021428451135,0.9746946572210667,0.462016033212422,0.0,0.9597284556736345,0.5340551933618285,0.0,0.467493003752963,0.41711657681256464,0.622103941702508
ZDT4_10_1500_normal.csv,0.0,0.0,0.43118183689710965,0.0,0.0,0.0,0.0,0.31518706957923026,0.3108291761846613,0.6104389696970387
ZDT4_10_150_normal.csv,0.0,0.0,0.2696274995754905,0.0,0.0,0.0,0.0,0.2211971769125678,0.1129994686493555,0.21934057019080766
ZDT4_10_100_normal.csv,0.0,0.0,0.0,0.0,0.05612019419490122,0.0,0.0,0.0,0.0,0.0
ZDT4_10_200_normal.csv,0.00619062223976774,0.0,0.3482467167894011,0.0,0.0,0.0,0.0,0.23990250560324466,0.2878038068298616,0.3722973757966377
ZDT6_10_900_normal.csv,0.9809042154103904,0.039858419448704385,0.6993055205026231,0.9261979692733283,0.0,0.8148679001405267,0.2612978733466318,0.7267699617205743,0.7594254362252759,0.9034384511229262
ZDT4_10_100_uniform.csv,0.0,0.0,0.1090230480781188,0.0,0.0545416069988669,0.0,0.0,0.12898823101745716,0.09335368249401543,0.012576684597451426
ZDT3_30_150_normal.csv,0.42105352604954593,0.1480502388420244,0.6651601690330499,0.0,0.3089745169526831,0.15193055126269106,0.3830093352956553,0.6537807108746823,0.6291685004378373,0.6629929572298645
ZDT3_30_700_normal.csv,0.57632752953232,0.6692735235911746,0.681870810697369,0.0,0.3652899483116875,0.2750756317534111,0.5591982399372104,0.7404863449329611,0.6628933235743588,0.8060663678058487
ZDT3_30_350_normal.csv,0.49215431569317014,0.6702802908991023,0.6524979843730823,0.0,0.4228313917057468,0.2032979408758967,0.19747592757684151,0.5936630598672283,0.5646343747727683,0.7094327507901749
ZDT3_30_600_normal.csv,0.5497567722068805,0.6197205659234284,0.6808218854856964,0.0,0.34014353501954686,0.1998513006972703,0.4278842837800996,0.692826707226511,0.6176389505138105,0.7845656701606478
ZDT3_30_2000_normal.csv,0.622086457813627,0.7009786220378645,0.673096064306188,0.15583111391166649,0.4968134109609095,0.3125686488424746,0.5389637756120378,0.7763905001849473,0.7548549030570489,0.836874590914738
ZDT1_30_900_uniform.csv,0.9639959606211802,0.9724755259612637,0.730594932346487,0.15365348148411784,0.6954368884851887,0.5447883616302638,0.49128417349508735,0.7686221282373445,0.7605463229648552,0.8456091586113983
ZDT4_10_800_normal.csv,0.00607163410895073,0.0,0.4512039817715531,0.0,0.0,0.0,0.0,0.3335977266554202,0.2982691702871726,0.6032198141852785
ZDT4_10_500_uniform.csv,0.0,0.0,0.21581436679143595,0.0,0.0,0.0,0.0,0.1401932354169475,0.16183796110990778,0.37990986450865705
ZDT1_30_250_normal.csv,0.8103127326861487,0.032570934146071706,0.727278118312646,0.0,0.445609990687329,0.3676908949973893,0.4396798980570874,0.7171082330474123,0.7200309846438968,0.7617935698356563
ZDT1_30_700_uniform.csv,0.9528678721070718,0.9697637079480331,0.7405470072244412,0.0,0.6160285563633126,0.48470679902777014,0.5664578197859949,0.7482765496341177,0.7545997166560485,0.8241918079033984
ZDT1_30_500_uniform.csv,0.9481042180162297,0.9540544999875046,0.6649730653551216,0.0,0.6049029398024127,0.5701300577860445,0.45590728000987657,0.6670950805962432,0.700731360445076,0.7953710124107483
ZDT2_30_500_normal.csv,0.9716872657328774,0.7406296628048166,0.4502020754358683,0.0,0.9617413195027638,0.47876029009149335,0.0,0.39571302604627445,0.3488113248374255,0.6245487836154426
ZDT4_10_600_uniform.csv,0.0,0.0,0.3443429484547059,0.0,0.0,0.0,0.0,0.2639885730591145,0.2751962847756374,0.5424243024814872
ZDT1_30_1200_uniform.csv,0.965496164786857,0.9641470279187366,0.7491698337485344,0.31584329187358307,0.7075695433808862,0.5525534636361462,0.5089293897686179,0.7601116121471108,0.7571927437002838,0.8550204932205994
ZDT1_30_100_uniform.csv,0.5319157863472187,0.0,0.6659727896182963,0.0,0.4026079682876005,0.4796701027924758,0.21776309321346266,0.6113350076588788,0.7704325346674302,0.628974145715558
ZDT4_10_700_uniform.csv,0.0,0.0,0.3405936031655954,0.0,0.0,0.0,0.0,0.30693873983668774,0.22189479450857708,0.5556900939311005
ZDT4_10_1200_normal.csv,0.005879708677046458,0.0,0.33506160299449517,0.0,0.0,0.0,0.0,0.32451632112777795,0.2952780975584104,0.6413698333863593
ZDT4_10_1500_uniform.csv,0.01829268334075096,0.0,0.41132519723215266,0.0,0.0,0.0,0.0,0.3847600235094073,0.2883125930411957,0.6591640213590069
ZDT6_10_1200_uniform.csv,0.9747176104539758,0.7276232890023595,0.7229083151939988,0.9553391900803602,0.0,0.8436013022499991,0.3720630438435135,0.7532019766823392,0.7861682471744532,0.9138461449712534
ZDT3_30_500_uniform.csv,0.6673556426225508,0.6947668337501165,0.6595772869859973,0.0,0.4605953557160357,0.3077967766372095,0.4296653617738523,0.6819181589958452,0.6780802423989332,0.7560567273342151
ZDT4_10_250_normal.csv,0.0,0.0,0.136091548589946,0.0,0.0,0.0,0.0,0.22458802073459738,0.17388270933368977,0.28694868025184694
ZDT4_10_250_uniform.csv,0.0,0.0,0.07393230108481852,0.0,0.0,0.0,0.0,0.18188608271176554,0.17378056393031538,0.23896874059376472
ZDT2_30_250_normal.csv,0.9278341699085692,0.011427256495969762,0.36127132636029613,0.0,0.9362886688674317,0.44377590578345383,0.0,0.2584321914087323,0.3088386837471977,0.47060781630024573
ZDT2_30_100_normal.csv,0.618155083538694,0.18009815979078525,0.33769734028319265,0.0,0.9383317585621167,0.20190904219761185,0.0,0.31703513026459584,0.38368018791063385,0.3726233076048471
ZDT2_30_350_uniform.csv,0.9668622544999496,0.6227003857087638,0.4798881618077744,0.0,0.9425932464980871,0.5168012089393939,0.0,0.3922296283908592,0.41995613572595547,0.585268474169367
ZDT4_10_150_uniform.csv,0.009482753346215067,0.0,0.40769464788254106,0.0,0.0,0.13852904797373222,0.2269203603608072,0.42920714905123214,0.3996409738861393,0.5328356174288056
ZDT3_30_1000_normal.csv,0.6426801838210745,0.6913190798576216,0.6518387392699607,0.0,0.43169452772796146,0.15438555875043425,0.3523293011678117,0.70112973790091,0.6825042133785927,0.8281367203231402
ZDT4_10_1000_uniform.csv,0.0,0.0,0.36890321598717335,0.0,0.0,0.0,0.0,0.3006635509465563,0.23900455215566174,0.5528719479105727
ZDT3_30_400_uniform.csv,0.541510920671906,0.6357053512262602,0.5582559176579842,0.0,0.4070212478665043,0.18048489991044125,0.18565490600316403,0.5768530509880947,0.5763935834805903,0.6851557584151662
ZDT2_30_400_normal.csv,0.9687560417294883,0.7819071716552792,0.44601147135977204,0.0,0.9663628638674389,0.4878785831484429,0.0,0.3506740904167529,0.41593395004210487,0.5408075123955273
ZDT1_30_1000_normal.csv,0.9550059292433274,0.9833920333875947,0.7807046449877578,0.15607159675683424,0.6583527273590244,0.39682558228217524,0.48702233545287044,0.7779265632335243,0.7774563653618582,0.8615774618046739
ZDT1_30_600_normal.csv,0.9357848751472317,0.9645365166250337,0.7482033302456205,0.018581327391402724,0.5408014041118692,0.42091358891328035,0.5677655010243842,0.7657186375640005,0.7480638067587336,0.8485982126401921
ZDT2_30_1500_normal.csv,0.9887284805397238,0.9915365223401835,0.5536948121408822,0.0,0.9798164247446534,0.6249910891168925,0.0,0.4843508602490598,0.45177798669254954,0.6970850865471678
ZDT6_10_1200_normal.csv,0.9823967264989726,0.9331742272688659,0.7555940083066476,0.971342809220391,0.0,0.8307233898582423,0.45662828541447553,0.7817050234126073,0.8018131423829855,0.910496942223809
ZDT6_10_600_uniform.csv,0.9616896721732239,0.0,0.7204378181541025,0.8974540404231102,0.0,0.83102390924825,0.3638755873584554,0.6951728586671171,0.7715828052184642,0.8607890733052974
ZDT3_30_1200_uniform.csv,0.6952423261699567,0.7168696234276626,0.62315446289739,0.0,0.5733173011369256,0.3097087733725947,0.40757241318129145,0.7146510802904756,0.6781360517196247,0.8140857030183648
ZDT1_30_400_normal.csv,0.8903511777062251,0.9227618656579324,0.7709944995142068,0.1086350327276181,0.471874311288232,0.4384175006782348,0.6001635594394996,0.7823711988238633,0.7873437614702872,0.8428385716867985
ZDT3_30_1500_normal.csv,0.6082372504092626,0.7018214358649543,0.7165895128548088,0.2033004000771551,0.45063196560943886,0.26448741455599944,0.5411842627196848,0.7976010533004111,0.7478025525116332,0.8393999587487637
ZDT2_30_200_normal.csv,0.933577442335197,0.16242266655341087,0.5057610824422221,0.0,0.9637140186079927,0.4105643129021961,0.0,0.42737221119827673,0.509982177156725,0.5387178483366725
ZDT3_30_800_uniform.csv,0.6270261760288117,0.6661923832195913,0.6108858384803033,0.0,0.46873598749180634,0.35969578996271245,0.5215283603950047,0.7400272197842745,0.6929782892146774,0.7992267278875989
ZDT6_10_2000_uniform.csv,0.9770406896772283,0.9806636967312412,0.7233834896574549,0.9786076418199933,0.0,0.8636890238226728,0.40606480628504593,0.7805902682095609,0.8193250883102383,0.9267410848170798
ZDT3_30_800_normal.csv,0.5442478754909593,0.636114169243212,0.6723575195875339,0.0,0.34511816966910014,0.22161967107642333,0.4789228772236439,0.7150688277933988,0.7197974941361127,0.8284969168111603
ZDT6_10_800_uniform.csv,0.9670040463908276,0.0,0.7154791788436317,0.8999273777863183,0.0,0.8070826048789965,0.1391434505414776,0.7526102112216919,0.770730662200543,0.8903512699161338
ZDT1_30_1000_uniform.csv,0.9638897470513682,0.9711860737783782,0.7754019311783265,0.09703372337000771,0.6964253977512612,0.5194108699746971,0.5183301116070763,0.7640517498963031,0.7778857097313352,0.8360782276389163
ZDT2_30_800_normal.csv,0.9815046255840153,0.9853369784176383,0.4869849939810621,0.0,0.966235254204601,0.5838124401923781,0.041423268839751004,0.46381053917468806,0.4476715364796541,0.6425122408910267
ZDT6_10_1000_uniform.csv,0.9757071446444227,0.6201796860175695,0.7387781311097791,0.9470855130084681,0.0,0.8343381166782342,0.43249452130602206,0.7605177245335494,0.792425825203518,0.8959697682168366
ZDT6_10_700_normal.csv,0.9800878506946471,0.0,0.6934045654913843,0.9266462849076393,0.0,0.7993172996200394,0.3466596546527888,0.6974931092809855,0.7599013295771107,0.8748398664863032
ZDT1_30_300_uniform.csv,0.9455277598732104,0.9468900402872046,0.6742792539591312,0.0,0.5555442416457326,0.44769484040264484,0.2699187317533198,0.654718282160788,0.6567515778107458,0.7250327993466428
ZDT2_30_100_uniform.csv,0.6891217296929142,0.4450935947482988,0.2535982321873729,0.0,0.9309853375140618,0.1950788806032563,0.0,0.28912723619230896,0.3025737537866221,0.2633271349298981
ZDT1_30_250_uniform.csv,0.8687146338750327,0.18141446638727576,0.7939684761327676,0.0,0.4762220889931499,0.3758604874521002,0.5163643467050438,0.8001782244669042,0.7800544032273893,0.8061124242801967
ZDT6_10_250_normal.csv,0.9558121279312246,0.0,0.6663972868758374,0.6706980488587582,0.0,0.6344475315757385,0.29464129783110693,0.5788327325645704,0.6500347889588033,0.7649157227844284
ZDT4_10_900_uniform.csv,0.008147424088316924,0.0,0.32239351528774596,0.0,0.0,0.0,0.0,0.3629608998560492,0.32297292860322835,0.5818566076221107
ZDT3_30_900_normal.csv,0.5693976302068103,0.6501113128207812,0.6879040997238403,0.0,0.4086488715983281,0.232546163351102,0.4945048521767237,0.7230367722710758,0.7009545585530207,0.813469293201393
ZDT2_30_1200_uniform.csv,0.9864285327784359,0.9918543949484087,0.49169212219342484,0.0,0.9753388836784231,0.5618313169694507,0.0,0.42110232086124955,0.42337436328540556,0.6630654031295042
ZDT1_30_600_uniform.csv,0.9581100383929604,0.9721165598682231,0.7430205543808104,0.07005341691083689,0.6455445797465,0.6156207116660741,0.38770306732262794,0.7232258897650599,0.7409406381272103,0.8129681867339063
ZDT4_10_800_uniform.csv,0.0,0.0,0.46526762047971426,0.0,0.0,0.0,0.0,0.32738782607026407,0.30376379400646947,0.6221226388183758
ZDT2_30_900_uniform.csv,0.9839962343532274,0.9732353975639101,0.511918893216446,0.0,0.9478993184364858,0.5345055705643877,0.0,0.4206895863480823,0.44453626219639253,0.6304724967334463
ZDT4_10_1200_uniform.csv,0.008621061825675902,0.0,0.29507571892038786,0.0,0.0,0.0,0.0,0.3658062614848486,0.30644295027932045,0.6020204532044289
ZDT4_10_600_normal.csv,0.000967392208435558,0.0,0.39120715000397577,0.0,0.0,0.0,0.0,0.24216702275599833,0.27662010374364,0.5417727986742111
ZDT1_30_400_uniform.csv,0.9272344107885968,0.9504786455778413,0.7737427834593563,0.0,0.5407034696991198,0.4955964739544827,0.4521277691556441,0.7536715601704898,0.759663573380712,0.8255689923740208
ZDT1_30_500_normal.csv,0.8998466623348511,0.9327601783839398,0.7680740882725137,0.0,0.4204703002667435,0.40227021938658447,0.5216746658809953,0.7651064508708614,0.7663416427833352,0.8202146983148204
ZDT6_10_900_uniform.csv,0.969376651776363,0.0,0.7083314973086963,0.9204373348488045,0.0,0.846713090318251,0.4044805773642274,0.7625850531761507,0.7962495059325839,0.9074996611365054
ZDT4_10_1000_normal.csv,0.00873814407092266,0.0,0.34845839133014256,0.0,0.0,0.0,0.0,0.3431806788497359,0.32259130344389175,0.5865728020069356
ZDT6_10_2000_normal.csv,0.9845802436820158,0.9689859956302747,0.7523079718303871,0.9790912572970281,0.0,0.8612264761207448,0.37864657498966936,0.797166556352799,0.8289206160763096,0.9288140607192761
ZDT2_30_1000_uniform.csv,0.9870091656943577,0.9876741474323846,0.5270144927501111,0.0,0.9609863550544728,0.5794356988481439,0.0,0.4456140959158079,0.47443045846405196,0.6947813657629835
ZDT2_30_150_normal.csv,0.8161245856903812,0.04202262184146688,0.3814946324209637,0.0,0.9647707126446173,0.37634522609282695,0.0,0.2915435275583772,0.30253910842250553,0.35043344194436576
ZDT2_30_2000_normal.csv,0.9882996355586978,0.9943476758044202,0.5598716625409192,0.0,0.9820219833136317,0.6272374184975349,0.0,0.5086101648366025,0.5085563263564075,0.7214835644932541
ZDT1_30_100_normal.csv,0.4472586460665978,0.0,0.6293214752123681,0.0,0.03704072876660558,0.1725306419544822,0.08824900292368343,0.639257236513058,0.5904736447933492,0.6182835732154509
ZDT6_10_400_uniform.csv,0.9604995127037058,0.0,0.7242618626680961,0.8357842771393293,0.0,0.8428086721030411,0.38447658226681947,0.712825319350767,0.7649289693189965,0.849555612667893
ZDT4_10_500_normal.csv,0.0,0.0,0.28200798269972926,0.0,0.0,0.0,0.0,0.2830193063833619,0.23335055278547956,0.5390105731237462
ZDT3_30_500_normal.csv,0.5821569285924584,0.6692326225760348,0.577649528155203,0.0,0.42177772049073103,0.1682498286072166,0.3890639769501968,0.5882635127237231,0.568393683113393,0.7419120340419221
ZDT2_30_700_normal.csv,0.975811459330768,0.9886696658234473,0.42623912268088426,0.0,0.9534395802454875,0.41866361189739454,0.0,0.38010269970433364,0.3590914119710533,0.611368868142907
ZDT3_30_200_normal.csv,0.44451096192078476,0.04884418268039803,0.6729615906302218,0.0,0.36468982630546143,0.23455915557964857,0.0,0.5620548548492159,0.5450573836734848,0.6992795967888201
ZDT6_10_150_uniform.csv,0.9362969542728183,0.0,0.6407478176112137,0.0,0.0,0.7015803440494718,0.1805834652851791,0.6180861029810654,0.5618338727971284,0.7501282030944741
ZDT1_30_800_normal.csv,0.9365261797457148,0.944451855916203,0.6576084844932997,0.0,0.5744517589880761,0.3962566459947674,0.2786810099911067,0.6733491044177794,0.681944315776557,0.7950450395130623
ZDT2_30_1500_uniform.csv,0.9887536479386958,0.9905377952723184,0.5475454844810518,0.0,0.9773597832216865,0.5759187019714286,0.0,0.4559487441527158,0.45917814107816135,0.6985000523965178
ZDT1_30_200_normal.csv,0.6604462242003205,0.04124618468230146,0.6785979331392324,0.0,0.1814699267700639,0.11210600861766229,0.52263883775917,0.7029571063566002,0.7152602955843037,0.6767820459354366
ZDT4_10_900_normal.csv,0.00807950210404318,0.0,0.45012930995443723,0.0,0.0,0.0,0.0,0.325631591409405,0.3033503073747277,0.644500741252696
ZDT6_10_700_uniform.csv,0.9732874006012973,0.0,0.7334551276438077,0.9033562250006972,0.0,0.8102801150405312,0.4777187519805616,0.7202848115275974,0.7758002415044873,0.8870245730416559
ZDT6_10_100_normal.csv,0.9452032202897703,0.0,0.5676060289487439,0.0,0.0,0.3214146018948322,0.0,0.36713849183976877,0.3597272731468135,0.5743172610450553
ZDT6_10_1500_uniform.csv,0.9770731662485649,0.9653792958768762,0.7431242690470454,0.9761604097114801,0.0,0.8321081454351231,0.5310859949377913,0.7829680847895988,0.7920082224060326,0.914874841764836
ZDT2_30_500_uniform.csv,0.9724548186913317,0.6592482785757536,0.37869120775974086,0.0,0.9487801427515244,0.5145094379187715,0.0,0.3349613158239704,0.39778878539381846,0.5472173697730676
ZDT4_10_400_uniform.csv,0.0,0.0,0.2894163125004172,0.0,0.0,0.0,0.0,0.26720278148509125,0.2802972461175942,0.4496499989248086
ZDT3_30_1500_uniform.csv,0.6875705490440562,0.7118347353158663,0.6964920057532815,0.2663505383922372,0.5585871961774511,0.391215050583146,0.5878309128640078,0.789495021290979,0.7464329471503999,0.8339805870150915
ZDT6_10_500_normal.csv,0.977752677674303,0.0,0.6706078727910338,0.8794782520264246,0.0,0.7930253056611167,0.33715695053438965,0.7100078029996161,0.7329896408786305,0.8488750898886428
ZDT3_30_250_uniform.csv,0.4124392738750856,0.0,0.5503927722199039,0.0,0.260424959784637,0.18418187890781335,0.23770622197777036,0.5911841303084985,0.4810801916287252,0.6598966956979853
ZDT3_30_600_uniform.csv,0.5767243144876726,0.6584115603833662,0.6600224007959345,0.0,0.3588061622065303,0.2726342252931844,0.2748549366925682,0.6297325678586039,0.653575011113414,0.7258020029058763
ZDT4_10_2000_normal.csv,0.009375372827417738,0.0,0.44003057519363376,0.0,0.0,0.0,0.0,0.3683560368492257,0.31075947646289437,0.64680453016839
ZDT2_30_250_uniform.csv,0.9366712621486113,0.04065504998761904,0.2908160856802594,0.0,0.9355051591816975,0.41111457644247595,0.0,0.44323564915422287,0.35018842847491627,0.28786629460190205
ZDT6_10_1000_normal.csv,0.9788993994537505,0.5999098448596769,0.7238422292585578,0.944678743117868,0.0,0.8470762972908191,0.44330028493980966,0.7703820217584818,0.7809482259829971,0.900215197943712
ZDT4_10_2000_uniform.csv,0.007753214335834202,0.0,0.45777493016386694,0.0,0.0,0.0,0.0,0.34526411409532765,0.3349660266843406,0.6529607531631783
ZDT6_10_200_normal.csv,0.9279534888841705,0.0,0.6046224332089332,0.48522611518593306,0.0,0.7687643181353363,0.0618548274031393,0.6239642815217777,0.6547788942815245,0.7957176663889752
